Name,Team,W,L,ERA,G,GS,QS,CG,ShO,SV,HLD,BS,IP,TBF,H,R,ER,HR,BB,IBB,HBP,WP,BK,SO,NameASCII,PlayerId,MLBAMID
"A.J. Minter","NYM",0,0,1.6363639201014988,13,0,0,0,0,0,7,0,11,44,6,2,2,0,5,0,0,0,1,14,"A.J. Minter",18655,621345
"A.J. Puk","ARI",0,0,3.375,8,0,0,0,0,4,2,0,8,35,8,3,3,2,2,0,1,1,0,12,"A.J. Puk",19343,640462
"Aaron Ashby","MIL",5,2,2.2268044740035027,42,0,0,0,0,3,5,0,64.2,264,54,16,16,3,24,0,4,6,0,73,"Aaron Ashby",23550,676879
"Aaron Bummer","ATL",3,2,3.0600009338381757,40,0,0,0,0,0,2,0,50,214,45,21,17,0,16,4,10,1,0,45,"Aaron Bummer",16258,607481
"Aaron Civale","CHC",1,0,2.076923076923077,5,0,0,0,0,1,0,0,13,50,7,3,3,3,0,0,3,0,0,14,"Aaron Civale",19479,650644
"Abner Uribe","MIL",3,2,1.6725664846076955,75,0,0,0,0,7,37,2,75.1,298,51,18,14,4,27,2,6,5,1,90,"Abner Uribe",25327,682842
"Abraham Toro","BOS",0,0,18,1,0,0,0,0,0,0,0,1,8,4,2,2,0,1,0,0,0,0,0,"Abraham Toro",19844,647351
"Adam Ottavino","NYY",0,0,0,3,0,0,0,0,0,0,0,1.2,9,0,0,0,0,4,0,0,0,0,3,"Adam Ottavino",1247,493603
"Adrian Morejon","SDP",13,6,2.0769235788221074,75,0,0,0,0,3,20,4,73.2,286,49,23,17,2,17,3,0,2,0,70,"Adrian Morejon",20039,670970
"AJ Blubaugh","HOU",3,0,1.7142857142857142,8,0,0,0,0,0,0,0,21,77,9,4,4,4,5,0,0,0,0,20,"AJ Blubaugh",31764,805123
"Alan Rangel","PHI",0,0,2.4545454545454546,5,0,0,0,0,1,0,0,11,46,10,3,3,1,6,0,0,0,1,8,"Alan Rangel",19524,660604
"Alan Trejo","COL",0,0,0,1,0,0,0,0,0,0,0,1,3,1,0,0,0,0,0,0,0,0,0,"Alan Trejo",20056,676701
"Albert Suárez","BAL",2,0,2.076923229285257,4,0,0,0,0,0,0,0,8.2,32,7,3,2,0,1,1,1,4,0,5,"Albert Suarez",6175,544150
"Alec Burleson","STL",0,0,0,1,0,0,0,0,0,0,0,1,4,1,0,0,0,0,0,1,0,0,0,"Alec Burleson",27615,676475
"Alek Jacob","SDP",1,0,5.130001369858154,29,0,0,0,0,0,2,0,33.1,153,36,20,19,6,14,0,6,0,0,23,"Alek Jacob",29628,689690
"Alex Carrillo","NYM",0,1,13.50000183922929,3,0,0,0,0,0,0,0,4.2,22,6,7,7,4,2,0,1,1,0,4,"Alex Carrillo",26463,692024
"Alex Jackson","BAL",0,0,27,1,0,0,0,0,0,0,0,1,8,3,3,3,0,2,0,0,0,0,0,"Alex Jackson",17276,656577
"Alex Lange","DET",0,0,0,1,0,0,0,0,0,0,0,1,6,2,0,0,0,1,0,0,0,0,1,"Alex Lange",19883,656638
"Alex Vesia","LAD",4,2,3.016760483733562,68,0,0,0,0,5,25,4,59.2,237,37,21,20,9,22,3,5,3,0,80,"Alex Vesia",25007,681911
"Alexis Díaz","- - -",1,0,8.150945009562566,18,0,0,0,0,0,4,0,17.2,85,15,17,16,6,12,0,5,0,0,17,"Alexis Diaz",21132,664747
"Ali Sánchez","TOR",0,0,18,1,0,0,0,0,0,0,0,1,6,3,2,2,0,0,0,0,0,0,1,"Ali Sanchez",18551,645305
"Allan Winans","NYY",0,0,9,2,0,0,0,0,0,0,0,5,27,8,7,5,1,3,0,0,0,0,5,"Allan Winans",21238,642216
"Amed Rosario","WSN",0,0,36,1,0,0,0,0,0,0,0,1,10,5,4,4,1,2,0,0,0,0,0,"Amed Rosario",15518,642708
"Andre Granillo","STL",1,0,4.714286998826981,14,0,0,0,0,1,0,0,21,91,22,11,11,3,7,0,1,2,0,18,"Andre Granillo",29542,701552
"Andrés Muñoz","SEA",3,3,1.7326203562001183,64,0,0,0,0,38,0,7,62.1,254,36,18,12,2,28,3,4,7,0,83,"Andres Munoz",20373,662253
"Andrew Chafin","- - -",1,1,2.4059412528717528,42,0,0,0,0,0,4,0,33.2,143,29,11,9,2,19,0,0,8,0,36,"Andrew Chafin",12988,605177
"Andrew Heaney","- - -",0,0,20.250004827977378,4,0,0,0,0,0,0,0,5.1,32,13,12,12,4,3,0,0,0,0,3,"Andrew Heaney",15423,571760
"Andrew Hoffmann","- - -",1,1,6.000001430511816,11,0,0,0,0,0,3,2,12,61,14,12,8,2,10,0,0,1,0,12,"Andrew Hoffmann",29633,694851
"Andrew Kittredge","- - -",4,3,3.3962267817616136,54,0,0,0,0,5,15,1,53,208,41,22,20,7,11,1,0,1,0,64,"Andrew Kittredge",12828,552640
"Andrew Saalfrank","ARI",2,1,1.2413794736374788,28,0,0,0,0,3,5,2,29,113,19,5,4,1,10,1,0,2,0,19,"Andrew Saalfrank",26203,685314
"Andrew Walters","CLE",0,0,13.500003218651585,2,0,0,0,0,0,0,0,1.1,6,2,2,2,1,0,0,0,0,0,2,"Andrew Walters",33834,689958
"Andry Lara","WSN",0,0,8.79069845427566,9,0,0,0,0,0,0,0,14.1,78,27,15,14,2,8,0,1,0,0,10,"Andry Lara",27967,691251
"Angel Chivilli","COL",1,5,7.0568198642951465,43,0,0,0,0,0,1,0,58.2,275,76,49,46,13,23,1,6,4,0,43,"Angel Chivilli",26790,683409
"Angel Perdomo","ATH",0,0,5.400002059937309,4,0,0,0,0,0,0,0,3.1,16,2,2,2,0,3,0,1,0,0,2,"Angel Perdomo",17759,622780
"Angel Zerpa","KCR",5,2,4.308511862230627,67,0,0,0,0,0,14,4,62.2,268,66,30,30,7,22,0,2,1,1,57,"Angel Zerpa",22717,672582
"Anthony Banda","LAD",5,1,3.061856512993708,70,0,0,0,0,0,11,1,64.2,265,44,22,22,7,33,6,2,7,0,60,"Anthony Banda",14706,607455
"Anthony Bender","MIA",3,5,2.160000329589894,51,0,0,0,0,4,19,3,50,204,32,13,12,3,21,2,2,1,0,42,"Anthony Bender",19742,669622
"Anthony DeSclafani","ARI",1,0,4.32,9,0,0,0,0,2,1,0,25,105,22,13,12,8,7,2,2,0,0,23,"Anthony DeSclafani",13050,543101
"Anthony Maldonado","ATH",0,0,12.000001907348937,6,0,0,0,0,0,0,0,6,33,10,8,8,3,5,1,0,1,0,7,"Anthony Maldonado",26034,687424
"Anthony Misiewicz","MIN",0,0,9.64285845659235,5,0,0,0,0,0,1,0,4.2,23,5,5,5,2,4,0,0,2,0,5,"Anthony Misiewicz",18152,664948
"Anthony Molina","COL",1,0,6.370787062980314,16,0,0,0,0,0,0,0,29.2,136,43,23,21,7,5,0,2,1,1,22,"Anthony Molina",26952,683627
"Anthony Seigler","MIL",0,0,0,1,0,0,0,0,0,0,0,1,4,1,0,0,0,0,0,0,0,0,0,"Anthony Seigler",23802,678011
"Anthony Veneziano","- - -",0,0,5.08695820914831,25,0,0,0,0,0,4,1,23,108,25,13,13,4,11,0,2,1,0,23,"Anthony Veneziano",27453,685107
"Antonio Senzatela","COL",0,0,2.863636611906972,7,0,0,0,0,0,0,0,22,99,24,7,7,3,9,0,1,2,0,14,"Antonio Senzatela",15488,622608
"Aroldis Chapman","BOS",5,3,1.1739131408287662,67,0,0,0,0,32,4,2,61.1,228,28,9,8,3,15,0,0,6,0,85,"Aroldis Chapman",10233,547973
"Austin Cox","ATL",0,0,8.571429349938288,12,0,0,0,0,0,2,0,21,98,27,20,20,9,7,0,0,2,0,21,"Austin Cox",24604,680735
"Austin Hedges","CLE",0,0,6,3,0,0,0,0,0,0,0,3,16,6,2,2,0,1,0,0,0,0,1,"Austin Hedges",12976,595978
"Austin Nola","COL",0,0,72,1,0,0,0,0,0,0,0,1,11,8,8,8,2,0,0,0,0,0,0,"Austin Nola",15941,543592
"Austin Pope","ARI",0,0,0,1,0,0,0,0,0,0,0,2,9,2,0,0,0,1,0,0,0,0,1,"Austin Pope",26136,687166
"Austin Slater","NYY",0,0,0,1,0,0,0,0,0,0,0,0.2,3,1,0,0,0,0,0,0,0,0,0,"Austin Slater",16153,596103
"Austin Warren","NYM",1,0,0.9642858456592349,5,0,0,0,0,0,0,0,9.1,34,5,1,1,1,4,0,0,0,0,9,"Austin Warren",24937,681810
"Bailey Falter","KCR",0,1,13.5,2,0,0,0,0,0,0,0,4,22,9,6,6,0,2,0,0,1,0,4,"Bailey Falter",20070,663559
"Bailey Horn","DET",0,1,1.5882356059593101,10,0,0,0,0,0,0,0,11.1,50,11,2,2,1,7,0,0,1,0,10,"Bailey Horn",27753,690544
"Beau Brieske","DET",1,3,6.967742792897722,21,0,0,0,0,1,5,1,20.2,98,24,20,16,5,11,1,0,2,0,14,"Beau Brieske",26079,689225
"Ben Bowden","ATH",0,0,4.218750628642831,11,0,0,0,0,0,0,0,10.2,47,9,6,5,2,5,0,0,0,0,7,"Ben Bowden",20198,641386
"Ben Brown","CHC",0,3,4.989130848522256,10,0,0,0,0,1,1,1,30.2,131,29,20,17,4,9,0,0,4,0,40,"Ben Brown",23590,676962
"Ben Casparius","LAD",7,4,4.367647548860387,43,0,0,0,0,2,13,0,68,290,65,34,33,5,19,0,3,1,0,62,"Ben Casparius",30085,676508
"Ben Joyce","LAA",1,0,6.230771059115794,5,0,0,0,0,0,2,2,4.1,20,5,4,3,1,1,0,0,2,0,1,"Ben Joyce",31461,690829
"Bennett Sousa","HOU",5,1,2.842105619795149,44,0,0,0,0,4,7,2,50.2,199,37,18,16,4,15,0,0,4,0,59,"Bennett Sousa",21345,656986
"Blade Tidwell","NYM",1,0,8.217391985801363,2,0,0,0,0,0,0,0,7.2,38,10,7,7,3,4,0,0,0,0,4,"Blade Tidwell",31701,694918
"Blake Treinen","LAD",2,7,5.40000090122238,32,0,0,0,0,2,10,3,26.2,129,30,18,16,4,19,4,2,1,0,36,"Blake Treinen",12572,595014
"Blas Castaño","SEA",0,0,9,1,0,0,0,0,0,0,0,3,16,4,3,3,1,2,0,1,0,0,1,"Blas Castano",26117,680604
"Bobby Miller","LAD",0,0,4.5,1,0,0,0,0,0,0,0,2,10,3,1,1,0,1,1,1,0,0,0,"Bobby Miller",27483,676272
"Brad Keller","CHC",4,2,2.097087689310861,67,0,0,0,0,3,25,3,68.2,273,45,18,16,4,22,0,6,1,0,73,"Brad Keller",15734,641745
"Brad Lord","WSN",1,1,2.7931036319800824,29,0,0,0,0,0,7,0,38.2,160,31,13,12,3,14,0,1,1,0,35,"Brad Lord",31972,695418
"Bradgley Rodriguez","SDP",1,0,1.1739132868545545,7,0,0,0,0,0,0,0,7.2,31,4,1,1,0,3,1,3,0,0,9,"Bradgley Rodriguez",29107,699134
"Bradley Blalock","COL",0,0,6,2,0,0,0,0,0,0,0,3,13,5,2,2,2,0,0,0,0,0,2,"Bradley Blalock",26419,687134
"Brady Basso","ATH",1,0,1.7419356982244305,10,0,0,0,0,0,2,0,10.1,47,9,3,2,0,7,0,0,0,0,8,"Brady Basso",25582,669620
"Brandon Eisert","CHW",3,8,4.320001153564761,69,0,0,0,0,2,8,3,66.2,294,72,34,32,11,25,6,5,3,1,73,"Brandon Eisert",27668,685126
"Brandon Waddell","NYM",0,0,2.8588238501631626,10,0,0,0,0,0,1,0,28.1,119,25,9,9,3,10,0,1,0,0,20,"Brandon Waddell",18347,663399
"Brandyn Garcia","- - -",0,2,5.651164044039536,14,0,0,0,0,0,2,0,14.1,66,18,12,9,0,8,0,1,1,0,14,"Brandyn Garcia",33568,805299
"Brant Hurter","DET",4,2,2.57142909692269,39,0,0,0,0,2,5,0,56,242,51,21,16,4,23,3,9,2,0,60,"Brant Hurter",30133,676428
"Braxton Ashcraft","PIT",3,2,3.2201835989360146,18,0,0,0,0,0,4,1,36.1,157,35,14,13,2,14,1,1,0,0,36,"Braxton Ashcraft",23793,677952
"Brayan Bello","BOS",1,0,3.6,1,0,0,0,0,0,0,0,5,17,1,2,2,1,1,0,2,0,0,3,"Brayan Bello",23920,678394
"Braydon Fisher","TOR",7,0,1.8493154550454032,51,0,0,0,0,0,5,1,48.2,193,28,10,10,2,18,1,3,0,0,61,"Braydon Fisher",24609,680755
"Brenan Hanifee","DET",3,3,3.000000572204699,54,0,0,0,0,0,10,1,60,260,65,31,20,3,14,2,2,2,0,40,"Brenan Hanifee",22304,669724
"Brendon Little","TOR",4,2,3.029269194594725,79,0,0,0,0,1,30,3,68.1,295,48,28,23,2,45,4,2,7,1,91,"Brendon Little",21574,663893
"Brennan Bernardino","BOS",4,2,3.1655180741719406,52,0,0,0,0,1,2,0,48.1,209,36,22,17,1,24,5,3,2,0,39,"Brennan Bernardino",16835,657514
"Brent Headrick","NYY",0,0,3.130435561412868,17,0,0,0,0,0,1,0,23,92,17,8,8,4,7,1,1,2,0,30,"Brent Headrick",27702,687396
"Brent Suter","CIN",1,2,4.826816156783307,45,0,0,0,0,0,0,1,59.2,259,60,35,32,10,17,1,2,2,0,49,"Brent Suter",13942,608718
"Brett de Geus","PHI",0,0,4.5,1,0,0,0,0,0,0,0,2,10,1,1,1,0,3,0,0,0,0,0,"Brett de Geus",23592,676969
"Brian Van Belle","TBR",1,0,5.40000020599366,4,0,0,0,0,0,0,0,8.1,36,13,5,5,2,0,0,0,1,0,6,"Brian Van Belle",27695,687003
"Brock Burke","LAA",7,1,3.2637370162189856,68,0,0,0,0,0,15,5,60.2,253,57,23,22,7,18,4,3,0,1,51,"Brock Burke",17968,656271
"Brock Stewart","- - -",2,2,2.628319160801526,43,0,0,0,0,0,16,1,37.2,159,32,11,11,3,13,2,4,1,0,44,"Brock Stewart",16727,592779
"Brooks Kriske","- - -",0,1,7.500000397364319,16,0,0,0,0,0,0,1,18,88,20,15,15,1,15,1,0,1,0,18,"Brooks Kriske",21189,621139
"Brooks Raley","NYM",3,1,2.454545880152248,30,0,0,0,0,0,10,0,25.2,99,14,7,7,0,6,0,2,0,0,25,"Brooks Raley",10061,548384
"Bryan Abreu","HOU",3,4,2.281690386026988,70,0,0,0,0,7,25,5,71,296,51,18,18,4,31,0,4,4,0,105,"Bryan Abreu",16609,650556
"Bryan Baker","- - -",4,4,4.0631071723185395,73,0,0,0,0,3,19,6,68.2,274,59,33,31,13,17,0,0,2,0,83,"Bryan Baker",19804,641329
"Bryan Hoeing","SDP",1,0,3.3750012069944884,7,0,0,0,0,0,0,0,8,36,9,3,3,0,3,0,0,1,0,5,"Bryan Hoeing",26304,663773
"Bryan Hudson","- - -",0,1,4.8000009155275185,16,0,0,0,0,0,2,0,15,75,15,10,8,2,13,2,2,0,1,19,"Bryan Hudson",19924,663542
"Bryan King","HOU",5,4,2.779412388389226,68,0,0,0,0,2,27,3,68,275,60,21,21,10,11,0,4,3,0,69,"Bryan King",25890,687911
"Bryce Jarvis","ARI",0,0,5.727273720355245,12,0,0,0,0,1,1,0,22,98,23,14,14,3,10,0,1,0,0,21,"Bryce Jarvis",27477,686826
"Bryse Wilson","CHW",0,1,7.012987707855196,15,0,0,0,0,0,0,0,25.2,115,35,20,20,7,9,0,0,0,0,14,"Bryse Wilson",19990,669060
"Bubba Chandler","PIT",2,0,2.25,3,0,0,0,0,1,0,0,12,47,9,3,3,2,1,0,2,0,0,9,"Bubba Chandler",29868,696149
"Cade Gibson","MIA",4,5,2.5155284271294116,43,0,0,0,0,0,4,2,53.2,226,43,17,15,3,20,3,6,6,0,43,"Cade Gibson",31815,806188
"Cade Horton","CHC",1,0,6.75,1,0,0,0,0,0,0,0,4,18,4,3,3,1,0,0,1,1,0,5,"Cade Horton",31872,690990
"Cade Povich","BAL",1,0,3.1153848439278855,2,0,0,0,0,0,0,0,8.2,37,8,3,3,0,4,0,0,2,0,14,"Cade Povich",30055,700249
"Cade Smith","CLE",8,5,2.932127101725873,76,0,0,0,0,16,19,6,73.2,300,55,31,24,4,19,3,4,3,2,104,"Cade Smith",27867,671922
"Caden Dana","LAA",0,0,7.5,2,0,0,0,0,0,0,0,6,29,7,5,5,2,5,0,0,0,0,6,"Caden Dana",31508,702674
"Caleb Boushley","TEX",0,0,5.801653624183544,24,0,0,0,0,1,0,0,40.1,177,49,30,26,4,11,0,2,1,0,40,"Caleb Boushley",19736,676961
"Caleb Ferguson","- - -",5,4,3.5816336638331534,70,0,0,0,0,0,14,5,65.1,270,54,27,26,2,22,3,6,1,0,51,"Caleb Ferguson",19349,657571
"Caleb Freeman","CHW",0,0,5.400002059937309,5,0,0,0,0,0,0,1,3.1,16,5,2,2,1,1,0,0,0,0,3,"Caleb Freeman",26255,673965
"Caleb Thielbar","CHC",3,4,2.6379317284766173,67,0,0,0,0,1,25,3,58,220,38,17,17,5,13,1,0,0,0,56,"Caleb Thielbar",10078,573204
"Calvin Faucher","MIA",4,4,3.281768232463034,65,0,0,0,0,15,7,5,60.1,255,53,27,22,8,24,0,3,2,0,59,"Calvin Faucher",20116,676534
"Cam Booser","CHW",2,4,5.516130729223291,39,0,0,0,0,1,8,3,31,143,28,22,19,8,19,1,2,3,0,35,"Cam Booser",16061,592155
"Cam Sanders","PIT",0,0,8.10000193119095,6,0,0,0,0,0,0,0,6.2,34,9,6,6,2,5,0,0,0,0,4,"Cam Sanders",23479,676742
"Camilo Doval","- - -",4,3,3.581633036457406,69,0,0,0,0,16,10,6,65.1,278,51,34,26,4,35,1,3,4,4,72,"Camilo Doval",21992,666808
"Carl Edwards Jr.","- - -",0,0,4.5,4,0,0,0,0,0,0,0,6,24,4,3,3,1,3,0,0,0,0,6,"Carl Edwards Jr.",13607,605218
"Carlos Carrasco","NYY",0,0,9,2,0,0,0,0,0,0,0,5,26,10,5,5,1,1,0,0,0,0,5,"Carlos Carrasco",6632,471911
"Carlos Duran","ATH",0,0,81.0000844896721,1,0,0,0,0,0,0,0,0.1,5,1,3,3,0,3,0,0,0,0,0,"Carlos Duran",24458,679922
"Carlos Estévez","KCR",4,5,2.4545457382833007,67,0,0,0,0,42,0,6,66,269,48,22,18,5,22,6,4,2,1,54,"Carlos Estevez",14542,608032
"Carlos Hernández","- - -",1,0,6.230770099233714,41,0,0,0,0,0,1,0,43.1,203,50,32,30,4,22,1,2,6,0,39,"Carlos Hernandez",22713,672578
"Carlos Rodriguez","MIL",1,0,6.517241807953526,4,0,0,0,0,0,0,0,9.2,50,13,7,7,1,9,0,0,1,0,11,"Carlos Rodriguez",30161,692230
"Carlos Vargas","SEA",5,5,3.9740267615433256,70,0,0,0,0,1,14,7,77,331,81,39,34,10,23,4,7,5,1,54,"Carlos Vargas",22915,672841
"Carmen Mlodzinski","PIT",4,4,2.1456955810643463,22,0,0,0,0,0,3,1,50.1,204,44,14,12,3,11,0,3,4,0,53,"Carmen Mlodzinski",27572,669387
"Carson Fulmer","LAA",0,0,5.829545707249455,13,0,0,0,0,0,0,0,29.1,123,25,19,19,5,11,0,0,2,0,26,"Carson Fulmer",18311,608334
"Carson Palmquist","COL",0,0,19.636367041217984,2,0,0,0,0,0,0,0,3.2,28,10,8,8,2,7,0,0,0,0,5,"Carson Palmquist",31612,687223
"Carson Ragsdale","BAL",0,0,14.4,2,0,0,0,0,0,0,0,5,25,10,8,8,1,1,0,0,0,0,4,"Carson Ragsdale",27508,685068
"Carson Seymour","SFG",0,1,3.3750000804662723,13,0,0,0,0,0,1,0,26.2,112,24,12,10,6,10,0,1,0,0,21,"Carson Seymour",30084,693313
"Carson Spiers","CIN",0,0,9,1,0,0,0,0,0,0,0,4,21,5,4,4,2,4,0,0,0,0,3,"Carson Spiers",27685,686730
"Casey Kelly","ARI",0,0,0,2,0,0,0,0,0,0,0,1.2,6,1,0,0,0,1,0,0,1,0,0,"Casey Kelly",9174,543391
"Casey Lawrence","- - -",1,2,4.075471844780107,6,0,0,0,0,0,0,0,17.2,80,26,15,8,2,1,0,1,1,0,7,"Casey Lawrence",11121,596271
"Casey Legumina","SEA",4,6,5.732877461273698,47,0,0,0,0,0,3,0,48.2,214,46,36,31,7,24,2,2,1,0,54,"Casey Legumina",25921,668984
"César Salazar","HOU",0,0,0,1,0,0,0,0,0,0,0,1,4,0,0,0,0,0,0,1,0,0,0,"Cesar Salazar",21587,663967
"Chad Green","TOR",3,2,5.5648867925715075,45,0,0,0,0,1,7,0,43.2,190,51,28,27,14,13,2,2,0,0,35,"Chad Green",15552,643338
"Chad Patrick","MIL",0,0,4.5,4,0,0,0,0,0,1,0,4,17,3,2,2,1,2,0,0,0,0,7,"Chad Patrick",30113,694477
"Charlie Morton","BAL",0,1,3.8571431574251727,6,0,0,0,0,0,0,0,16.1,70,13,8,7,3,8,0,0,0,0,17,"Charlie Morton",4676,450203
"Chas McCormick","HOU",0,0,6,3,0,0,0,0,0,0,0,3,15,3,2,2,0,2,0,2,0,0,1,"Chas McCormick",19599,676801
"Chase Burns","CIN",0,0,2.0000002119276483,5,0,0,0,0,0,1,0,9,37,8,2,2,1,3,0,0,0,0,10,"Chase Burns",35333,695505
"Chase Lee","DET",4,1,4.0982152628049455,32,0,0,0,0,0,4,1,37.1,148,32,17,17,7,9,1,2,0,0,36,"Chase Lee",29574,695445
"Chase Petty","CIN",0,1,0,1,0,0,0,0,0,0,0,0.2,4,1,1,0,0,0,0,1,0,0,0,"Chase Petty",30170,695534
"Chase Shugart","PIT",4,3,3.40000057644324,35,0,0,0,0,0,5,2,45,181,33,18,17,6,17,2,1,3,0,31,"Chase Shugart",21544,663767
"Chase Silseth","LAA",0,0,1.6363639201014988,10,0,0,0,0,0,1,0,11,49,10,2,2,1,6,1,1,1,0,13,"Chase Silseth",30074,681217
"Chayce McDermott","BAL",0,1,17.47059313566352,3,0,0,0,0,0,0,0,5.2,35,8,11,11,2,9,0,0,2,1,4,"Chayce McDermott",29866,694646
"Chris Bassitt","TOR",0,0,0,1,0,0,0,0,0,0,0,1,3,0,0,0,0,0,0,0,0,0,1,"Chris Bassitt",12304,605135
"Chris Devenski","NYM",0,0,2.454545560947139,12,0,0,0,0,0,2,0,14.2,58,9,4,4,1,5,0,2,0,0,12,"Chris Devenski",12763,606965
"Chris Flexen","CHC",5,0,2.7226892501888273,20,0,0,0,0,1,0,0,39.2,160,35,15,12,6,9,0,0,3,0,20,"Chris Flexen",13896,623167
"Chris Martin","TEX",2,6,2.9763785785660044,49,0,0,0,0,2,13,3,42.1,174,43,18,14,6,8,3,1,2,0,43,"Chris Martin",11847,455119
"Chris Murphy","BOS",3,0,3.1153848439278855,23,0,0,0,0,0,1,0,34.2,148,21,12,12,4,20,1,5,1,0,30,"Chris Murphy",26214,669684
"Chris Paddack","DET",0,0,7.815789865985161,5,0,0,0,0,1,0,0,12.2,53,13,11,11,4,1,0,0,0,0,10,"Chris Paddack",20099,663978
"Chris Roycroft","STL",1,3,7.838712088896256,20,0,0,0,0,0,2,1,20.2,101,26,21,18,2,12,1,1,3,0,15,"Chris Roycroft",31261,688297
"Chris Sale","ATL",1,0,1.588235472312868,1,0,0,0,0,0,0,0,5.2,22,4,1,1,0,2,0,0,0,0,9,"Chris Sale",10603,519242
"Chris Stratton","- - -",0,0,7.71428641494446,15,0,0,0,0,0,0,0,21,104,32,20,18,4,10,0,0,0,0,22,"Chris Stratton",13761,608717
"Christian Koss","SFG",0,0,0,4,0,0,0,0,0,0,0,4,16,4,0,0,0,0,0,0,0,0,0,"Christian Koss",27653,683766
"Christian Montes De Oca","ARI",0,0,0,1,0,0,0,0,0,0,0,2.2,9,0,0,0,0,1,0,0,0,0,2,"Christian Montes De Oca",30206,801216
"Christian Roa","MIA",0,0,0,2,0,0,0,0,0,0,0,3,12,1,0,0,0,3,0,0,0,0,3,"Christian Roa",27662,685005
"Cionel Pérez","BAL",0,0,8.30769401414895,19,0,0,0,0,0,0,0,21.2,110,28,22,20,3,18,1,2,1,1,21,"Cionel Perez",19614,672335
"Clay Holmes","NYM",0,0,0,2,0,0,0,0,0,0,0,4.2,18,4,1,0,0,0,0,0,1,0,3,"Clay Holmes",13649,605280
"Clayton Beeter","- - -",0,3,4.263158750666317,26,0,0,0,0,1,9,2,25.1,104,13,12,12,3,18,0,0,1,0,33,"Clayton Beeter",27494,690925
"Clayton Kershaw","LAD",0,0,0,1,0,0,0,0,0,0,0,1,3,0,0,0,0,0,0,0,0,0,0,"Clayton Kershaw",2036,477132
"Codi Heuer","- - -",0,0,5.785716256317499,3,0,0,0,0,0,0,0,4.2,21,4,3,3,3,2,0,0,1,0,5,"Codi Heuer",23293,676051
"Cody Bolton","CLE",0,0,13.5,1,0,0,0,0,0,0,0,2,10,4,3,3,0,0,0,0,0,0,1,"Cody Bolton",23265,675989
"Cody Laweryson","MIN",0,1,1.1739131408287662,5,0,0,0,0,0,0,0,7.2,26,4,2,1,0,0,0,0,0,0,7,"Cody Laweryson",26429,689520
"Cody Poteet","BAL",0,0,16.87500402331448,1,0,0,0,0,0,0,0,2.2,16,6,5,5,0,2,0,0,0,0,1,"Cody Poteet",18769,547001
"Cole Henry","WSN",1,2,4.272153033333389,57,0,0,0,0,2,9,0,52.2,241,43,27,25,7,32,1,11,2,1,52,"Cole Henry",27570,669371
"Cole Sands","MIN",4,6,4.701493072679784,66,0,0,0,0,3,13,4,67,281,62,40,35,6,19,2,4,3,0,60,"Cole Sands",21461,663485
"Cole Sulser","TBR",2,1,1.985294340391085,18,0,0,0,0,0,0,1,22.2,90,20,5,5,1,7,1,0,0,0,22,"Cole Sulser",15256,642121
"Cole Wilcox","TBR",0,0,27,1,0,0,0,0,0,0,0,1,12,4,7,3,0,3,0,0,0,0,1,"Cole Wilcox",27481,677961
"Cole Winn","TEX",0,1,1.5120002307129259,33,0,0,0,0,0,4,0,41.2,162,23,8,7,3,17,2,4,1,0,35,"Cole Winn",22113,668390
"Colin Holderman","PIT",0,2,7.012988750157728,24,0,0,0,0,1,2,2,25.2,125,34,21,20,4,16,1,2,3,0,18,"Colin Holderman",22361,670059
"Colin Poche","- - -",1,2,12.535719916303036,14,0,0,0,0,0,0,0,9.1,52,12,14,13,1,14,0,0,1,0,11,"Colin Poche",19403,621363
"Colin Rea","CHC",1,0,0.5625000335276147,5,0,0,0,0,1,0,0,16,60,13,1,1,0,1,0,1,0,0,8,"Colin Rea",12317,607067
"Colin Selby","BAL",0,2,3.214285933241567,11,0,0,0,0,0,0,0,14,60,16,5,5,2,2,0,0,0,0,14,"Colin Selby",24986,681882
"Collin Snider","SEA",2,1,5.4683550905101015,24,0,0,0,0,0,4,0,26.1,119,32,20,16,3,6,1,2,1,0,24,"Collin Snider",23307,676092
"Colton Gordon","HOU",2,0,5.0625,6,0,0,0,0,1,0,0,16,68,14,10,9,4,6,0,0,0,0,11,"Colton Gordon",31312,676467
"Connor Brogdon","LAA",3,2,5.553192841515928,43,0,0,0,0,0,4,0,47,199,45,31,29,11,18,4,0,2,0,49,"Connor Brogdon",21205,641401
"Connor Phillips","CIN",5,0,2.880000439453192,21,0,0,0,0,0,1,0,25,98,11,9,8,3,12,0,2,2,0,32,"Connor Phillips",27649,683175
"Connor Seabold","- - -",0,0,4.3548392455610765,7,0,0,0,0,0,0,0,10.1,48,12,5,5,1,6,0,0,1,0,10,"Connor Seabold",19695,657756
"Connor Thomas","MIL",0,0,20.250001206994128,2,0,0,0,0,0,0,0,5.1,31,12,12,12,3,2,0,1,0,0,5,"Connor Thomas",25873,671162
"Cooper Criswell","BOS",1,0,5.062500754371398,6,0,0,0,0,1,0,0,10.2,53,16,9,6,2,3,0,0,0,0,5,"Cooper Criswell",24975,681867
"Cooper Hummel","HOU",0,0,36,1,0,0,0,0,0,0,0,1,9,5,4,4,1,0,0,1,0,0,0,"Cooper Hummel",19458,669450
"Corbin Martin","BAL",1,0,6.000001271566025,17,0,0,0,0,2,1,0,18,89,22,15,12,4,9,0,2,1,1,23,"Corbin Martin",19884,656686
"Craig Kimbrel","- - -",0,1,2.2500003576279255,14,0,0,0,0,0,2,0,12,49,10,4,3,2,7,0,0,0,0,17,"Craig Kimbrel",6655,518886
"Craig Yoho","MIL",0,0,7.269232102399991,8,0,0,0,0,0,0,0,8.2,41,8,7,7,1,9,0,1,0,0,7,"Craig Yoho",33248,684974
"Cristian Mena","ARI",1,0,1.350000128746045,3,0,0,0,0,0,0,1,6.2,26,3,1,1,1,3,0,0,1,0,8,"Cristian Mena",27974,691441
"Dan Altavilla","CHW",0,1,2.482759110567641,28,0,0,0,0,2,2,0,29,120,19,9,8,4,15,0,4,1,0,21,"Dan Altavilla",16507,656186
"Dane Dunning","- - -",0,0,6.967742471367503,12,0,0,0,0,2,0,0,20.2,95,24,17,16,4,7,1,3,1,0,21,"Dane Dunning",19409,641540
"Daniel Lynch IV","KCR",6,2,3.1263164171552993,55,0,0,0,0,1,7,0,63.1,270,62,23,22,7,22,1,6,1,0,39,"Daniel Lynch IV",21537,663738
"Daniel Palencia","CHC",1,6,2.9050636418334914,54,0,0,0,0,22,6,3,52.2,215,44,19,17,5,16,1,2,2,0,61,"Daniel Palencia",27914,694037
"Daniel Robert","PHI",0,0,4.1538467632949185,15,0,0,0,0,0,2,0,13,59,11,7,6,2,10,0,0,0,0,15,"Daniel Robert",21229,642016
"Danny Coulombe","- - -",2,1,2.1428577267395363,54,0,0,0,0,2,9,0,42,171,30,10,10,3,18,0,0,1,0,41,"Danny Coulombe",13293,543056
"Danny Young","NYM",0,0,4.320001153564761,10,0,0,0,0,0,4,0,8.1,37,9,5,4,0,3,0,1,0,0,13,"Danny Young",18439,664849
"Darren McCaughan","MIN",0,0,1.6875004023314482,3,0,0,0,0,0,1,0,5.1,23,5,1,1,0,1,0,0,0,0,6,"Darren McCaughan",20038,670766
"Dauri Moreta","PIT",1,1,3.2400008651735708,18,0,0,0,0,0,2,1,16.2,68,16,8,6,2,7,1,0,0,0,19,"Dauri Moreta",21101,664294
"David Bednar","- - -",6,5,2.2978725735555376,64,0,0,0,0,27,4,3,62.2,251,46,18,16,4,19,2,1,4,0,86,"David Bednar",19569,670280
"David Festa","MIN",0,1,15.428573530547759,1,0,0,0,0,0,0,0,4.2,28,12,8,8,2,3,0,0,1,0,3,"David Festa",30056,701581
"David Morgan","SDP",1,2,2.6590913701649352,39,0,0,0,0,0,1,0,44,177,30,13,13,4,22,1,2,2,0,47,"David Morgan",31616,688158
"David Robertson","PHI",2,0,4.075472284780867,20,0,0,0,0,2,10,1,17.2,78,18,9,8,4,8,1,0,0,0,22,"David Robertson",8241,502085
"Davis Daniel","ATL",0,0,0,1,0,0,0,0,0,0,0,1,4,0,0,0,0,0,0,1,0,0,1,"Davis Daniel",27582,669721
"Davis Martin","CHW",0,0,0,1,0,0,0,0,0,0,0,6,20,3,0,0,0,2,0,0,0,0,5,"Davis Martin",21448,663436
"Daysbel Hernández","ATL",4,3,3.4054061075996414,39,0,0,0,0,0,10,2,37,164,27,16,14,3,30,1,2,2,0,33,"Daysbel Hernandez",20271,678226
"Dean Kremer","BAL",0,1,4.320000164794928,2,0,0,0,0,0,0,0,8.1,32,5,4,4,2,3,0,0,0,0,10,"Dean Kremer",19350,665152
"Dedniel Núñez","NYM",0,0,4.655173179227431,10,0,0,0,0,0,3,0,9.2,41,6,5,5,1,6,0,0,1,0,11,"Dedniel Nunez",23055,673380
"Dennis Santana","PIT",4,5,2.1753556075511487,70,0,0,0,0,16,12,3,70.1,270,44,18,17,5,17,0,3,0,0,60,"Dennis Santana",17878,642701
"Devin Williams","NYY",4,6,4.790322875381155,67,0,0,0,0,18,15,4,62,259,45,37,33,5,25,1,4,4,0,90,"Devin Williams",15816,642207
"Dietrich Enns","- - -",2,2,3.3750003404342555,21,0,0,0,0,2,4,0,34.2,151,39,16,13,3,11,4,0,1,0,39,"Dietrich Enns",13932,608650
"Dillon Tate","TOR",0,0,4.263158750666317,6,0,0,0,0,0,0,0,6.1,34,8,3,3,1,6,0,1,0,0,8,"Dillon Tate",17796,622253
"DL Hall","MIL",1,0,4.247191648383441,17,0,0,0,0,0,1,0,29.2,120,21,14,14,2,12,0,0,0,0,18,"DL Hall",22207,669084
"Dom Hamel","NYM",0,0,0,1,0,0,0,0,0,0,0,1,6,3,0,0,0,0,0,1,0,0,0,"Dom Hamel",30153,687589
"Doug Nikhazy","CLE",0,0,0,1,0,0,0,0,0,0,0,1,3,0,0,0,0,0,0,0,0,0,2,"Doug Nikhazy",30142,680951
"Drew Pomeranz","CHC",2,2,1.9424464163231312,53,0,0,0,0,1,14,2,46.1,190,36,12,10,5,13,1,5,1,0,53,"Drew Pomeranz",11426,519141
"Drew Sommers","DET",0,1,18.000005722047717,4,0,0,0,0,0,0,0,3,19,7,6,6,1,3,0,1,0,0,3,"Drew Sommers",32026,805427
"Drey Jameson","ARI",0,1,3,3,0,0,0,0,1,0,0,3,13,4,2,1,0,3,0,0,1,0,0,"Drey Jameson",26260,686753
"Dugan Darnell","COL",1,0,3.8571433826369397,9,0,0,0,0,0,0,0,11.2,48,10,5,5,1,7,0,0,0,0,5,"Dugan Darnell",27812,699911
"Dustin May","- - -",1,0,1.1739131408287662,2,0,0,0,0,0,0,0,7.2,34,8,1,1,0,5,0,0,0,0,5,"Dustin May",19716,669160
"Dylan Dodd","ATL",1,0,3.6000007847378943,28,0,0,0,0,0,2,1,35,136,28,14,14,5,5,0,1,1,0,30,"Dylan Dodd",29928,689266
"Dylan Lee","ATL",2,4,3.292683539541019,74,0,0,0,0,2,19,7,68.1,266,53,27,25,13,14,1,0,3,3,76,"Dylan Lee",19996,669276
"Dylan Smith","DET",1,0,1.3846154861901714,7,0,0,0,0,0,0,0,13,48,6,2,2,0,5,0,3,0,0,4,"Dylan Smith",30145,681916
"Easton Lucas","TOR",1,0,0,1,0,0,0,0,0,0,0,4.2,18,4,0,0,0,1,0,0,0,0,3,"Easton Lucas",26058,687922
"Easton McGee","MIL",0,0,5.522727512131063,9,0,0,0,0,0,0,0,14.2,62,15,9,9,1,5,1,0,0,0,13,"Easton McGee",22176,668834
"Edgardo Henriquez","LAD",2,1,2.3684217659062132,22,0,0,0,0,1,5,2,19,78,17,5,5,2,5,0,0,2,0,18,"Edgardo Henriquez",26944,683618
"Eduard Bazardo","SEA",5,0,2.516949478013569,73,0,0,0,0,0,12,1,78.2,313,53,23,22,9,27,2,2,2,0,82,"Eduard Bazardo",20997,660825
"Eduardo Salazar","WSN",0,1,8.37931144705298,30,0,0,0,0,0,2,1,29,150,47,29,27,7,16,0,1,3,1,23,"Eduardo Salazar",23135,674285
"Eduarniel Núñez","- - -",1,0,7.105265119399932,10,0,0,0,0,0,0,0,12.2,60,13,10,10,2,11,0,3,2,0,11,"Eduarniel Nunez",23162,674384
"Edwin Díaz","NYM",6,3,1.6281408283590828,62,0,0,0,0,28,0,3,66.1,258,37,14,12,4,21,0,8,7,0,98,"Edwin Diaz",14710,621242
"Edwin Uceta","TBR",10,3,3.789474064623588,70,0,0,0,0,1,21,5,76,321,62,33,32,11,27,3,8,0,3,103,"Edwin Uceta",20539,670955
"Eli Morgan","CHC",0,1,12.2727309967872,7,0,0,0,0,0,0,1,7.1,35,12,10,10,3,3,1,0,0,0,4,"Eli Morgan",20203,669212
"Elvin Rodríguez","- - -",0,0,7.593750452622798,5,0,0,0,0,0,0,0,10.2,48,12,9,9,4,5,0,0,0,0,13,"Elvin Rodriguez",20962,660730
"Elvis Alvarado","ATH",1,1,3.1889767611017614,37,0,0,0,0,0,4,1,42.1,183,34,17,15,6,22,1,2,2,0,50,"Elvis Alvarado",21662,665660
"Elvis Peguero","- - -",0,0,7.043479748507167,7,0,0,0,0,0,1,0,7.2,40,9,8,6,1,6,0,1,1,0,5,"Elvis Peguero",21652,665625
"Emerson Hancock","SEA",1,0,2.076923229285257,6,0,0,0,0,0,0,0,8.2,36,10,4,2,0,1,0,0,0,0,4,"Emerson Hancock",27470,676106
"Emilio Pagán","CIN",2,4,2.8834952524238977,70,0,0,0,0,32,2,6,68.2,270,41,26,22,10,22,0,2,1,1,81,"Emilio Pagan",14771,641941
"Emmanuel Clase","CLE",5,3,3.232394713538233,48,0,0,0,0,24,1,5,47.1,201,46,20,17,2,12,2,4,4,0,47,"Emmanuel Clase",21032,661403
"Emmanuel Rivera","BAL",0,0,72,1,0,0,0,0,0,0,0,1,13,8,8,8,1,2,0,0,0,0,0,"Emmanuel Rivera",19890,656896
"Emmet Sheehan","LAD",1,1,1.3170733239096344,3,0,0,0,0,0,0,0,13.2,54,4,5,2,0,9,0,0,0,0,15,"Emmet Sheehan",29839,686218
"Enrique Hernández","LAD",0,0,15.187503620983033,5,0,0,0,0,0,0,0,5.1,37,11,11,9,1,8,0,0,1,0,1,"Enrique Hernandez",10472,571771
"Enyel De Los Santos","- - -",6,3,4.363637372482155,65,0,0,0,0,0,6,2,66,280,61,35,32,7,24,2,2,2,1,62,"Enyel De Los Santos",18403,660853
"Erasmo Ramírez","MIN",0,1,2.454545667348833,9,0,0,0,0,1,0,0,11,42,10,4,3,2,2,1,0,1,0,5,"Erasmo Ramirez",10314,541640
"Eric Lauer","TOR",3,0,1.7608698207624838,13,0,0,0,0,0,1,0,30.2,113,15,6,6,1,8,0,1,0,0,28,"Eric Lauer",19316,641778
"Eric Orze","TBR",1,1,3.024000184570324,33,0,0,0,0,3,1,0,41.2,178,38,16,14,4,19,1,3,0,0,40,"Eric Orze",27626,679358
"Erick Fedde","- - -",0,1,5.311475991113568,8,0,0,0,0,0,1,0,20.1,91,22,13,12,3,9,0,0,0,0,8,"Erick Fedde",17425,607200
"Erik Miller","SFG",4,1,1.5000004768373099,36,0,0,0,0,0,10,2,30,128,24,5,5,0,20,4,3,1,0,22,"Erik Miller",26252,669062
"Erik Sabrowski","CLE",0,1,1.8409098889220363,33,0,0,0,0,0,12,0,29.1,121,14,8,6,2,21,0,3,0,0,42,"Erik Sabrowski",24978,681870
"Erik Swanson","TOR",1,0,15.187503620983033,6,0,0,0,0,0,0,0,5.1,30,8,9,9,2,5,0,1,1,0,3,"Erik Swanson",16587,657024
"Ethan Roberts","CHC",1,0,6.000001271566025,10,0,0,0,0,0,0,0,9,39,10,6,6,3,2,0,1,1,0,6,"Ethan Roberts",24930,681799
"Evan Phillips","LAD",0,0,0,7,0,0,0,0,1,2,0,5.2,22,4,0,0,0,2,0,0,0,0,6,"Evan Phillips",17734,623465
"Evan Sisk","- - -",1,1,3.5660386341840073,19,0,0,0,0,0,2,0,17.2,80,16,7,7,1,10,0,2,3,1,25,"Evan Sisk",24995,681895
"Ezequiel Duran","TEX",0,0,0,4,0,0,0,0,0,0,0,3.1,11,1,0,0,0,0,0,0,0,0,0,"Ezequiel Duran",23733,677649
"Félix Bautista","BAL",1,1,2.5961540366065714,35,0,0,0,0,19,0,1,34.2,142,16,10,10,3,23,0,0,1,0,50,"Felix Bautista",20666,642585
"Fernando Cruz","NYY",3,4,3.5625008493663906,49,0,0,0,0,2,16,1,48,200,33,21,19,5,24,0,3,5,0,72,"Fernando Cruz",7048,518585
"Forrest Whitley","- - -",0,0,13.500002145767553,10,0,0,0,0,0,0,0,12,66,19,20,18,3,8,0,1,1,0,12,"Forrest Whitley",19586,666215
"Frankie Montas","NYM",0,0,3.6,2,0,0,0,0,0,0,0,5,26,6,4,2,1,4,0,0,1,0,3,"Frankie Montas",14309,593423
"Fraser Ellard","CHW",1,2,5.4000012874606345,15,0,0,0,0,0,2,0,13.1,54,6,8,8,1,12,0,1,2,0,17,"Fraser Ellard",29530,686642
"Freddy Tarnok","MIA",1,0,2.454545560947139,5,0,0,0,0,1,0,0,7.1,28,1,2,2,1,4,0,1,0,0,10,"Freddy Tarnok",23324,676206
"Gabe Speier","SEA",4,3,2.612904029632085,76,0,0,0,0,0,24,6,62,243,43,19,18,5,11,1,5,1,0,82,"Gabe Speier",17170,642100
"Garrett Acton","TBR",0,0,0,1,0,0,0,0,0,0,0,1,5,0,0,0,0,2,0,0,1,0,0,"Garrett Acton",27583,670183
"Garrett Cleavinger","TBR",2,6,2.347826573709109,67,0,0,0,0,2,21,4,61.1,243,40,17,16,9,18,0,7,1,0,82,"Garrett Cleavinger",17897,664076
"Garrett Hampson","STL",0,0,0,1,0,0,0,0,0,0,0,1,3,0,0,0,0,0,0,0,0,0,0,"Garrett Hampson",19262,641658
"Garrett McDaniels","LAA",0,0,5.9062514081600686,10,0,0,0,0,0,1,0,10.2,50,13,8,7,2,8,0,1,2,0,6,"Garrett McDaniels",31751,680729
"Garrett Whitlock","BOS",7,3,2.2500002384186044,62,0,0,0,0,1,24,4,72,293,54,21,18,2,24,2,5,3,0,91,"Garrett Whitlock",20191,676477
"Gary Sánchez","BAL",0,0,36,1,0,0,0,0,0,0,0,1,7,2,4,4,1,1,0,1,0,0,0,"Gary Sanchez",11442,596142
"Gavin Hollowell","CHC",0,0,4.821429228296175,7,0,0,0,0,0,0,0,9.1,43,9,5,5,1,7,0,0,1,0,10,"Gavin Hollowell",25427,668970
"Génesis Cabrera","- - -",0,1,6.539064059034362,40,0,0,0,0,1,3,1,42.2,187,46,32,31,12,18,1,2,3,1,35,"Genesis Cabrera",17490,650893
"Geoff Hartlieb","- - -",0,0,21.60000205993672,4,0,0,0,0,0,0,0,3.1,24,8,8,8,2,6,0,0,0,0,5,"Geoff Hartlieb",19558,664129
"George Soriano","MIA",2,0,8.345455124279724,24,0,0,0,0,1,0,0,36.2,173,46,36,34,10,19,1,2,3,1,36,"George Soriano",21863,666277
"Gerson Garabito","TEX",0,0,9.000001072883734,3,0,0,0,0,0,1,0,8,41,15,12,8,1,1,0,2,0,0,8,"Gerson Garabito",19835,642520
"Gordon Graceffo","STL",3,1,6.279070324482614,26,0,0,0,0,1,0,2,43,193,50,33,30,2,13,0,2,2,0,40,"Gordon Graceffo",29519,700669
"Graham Ashcraft","CIN",8,5,3.994898736700474,62,0,0,0,0,0,23,6,65.1,284,68,37,29,2,25,0,0,5,0,64,"Graham Ashcraft",27552,668933
"Grant Anderson","MIL",2,6,3.2296655433567967,66,0,0,0,0,0,6,2,69.2,299,59,35,25,8,29,3,2,0,0,74,"Grant Anderson",20546,681982
"Grant Holman","ATH",4,2,5.661291541716077,20,0,0,0,0,0,3,2,20.2,94,25,14,13,3,8,0,1,1,0,17,"Grant Holman",30002,680880
"Grant Holmes","ATL",0,0,0,1,0,0,0,0,0,0,0,1,3,0,0,0,0,0,0,0,0,0,2,"Grant Holmes",16944,656550
"Grant Taylor","CHW",2,3,4.673077265891828,34,0,0,0,0,6,9,1,34.2,148,35,18,18,0,14,1,0,5,0,51,"Grant Taylor",33927,691799
"Grant Wolfram","BAL",3,1,5.40000090122238,21,0,0,0,0,0,1,0,26.2,133,35,20,16,2,15,1,1,3,0,31,"Grant Wolfram",21623,664991
"Greg Weissert","BOS",6,6,2.8208958436078704,72,0,0,0,0,4,17,9,67,278,57,27,21,6,21,1,3,1,0,57,"Greg Weissert",20375,669711
"Gregory Santos","SEA",1,1,5.14285784351592,8,0,0,0,0,0,1,1,7,36,8,6,4,0,8,2,0,2,0,0,"Gregory Santos",21894,666619
"Gregory Soto","- - -",1,5,4.176796988571585,70,0,0,0,0,1,22,1,60.1,279,62,33,28,4,24,1,11,10,0,70,"Gregory Soto",19677,642397
"Griffin Jax","- - -",1,7,4.359375519678059,71,0,0,0,0,0,28,6,64,274,61,33,31,7,20,3,1,0,0,97,"Griffin Jax",20253,643377
"Hayden Birdsong","SFG",1,0,2.314285840404284,11,0,0,0,0,0,3,0,23.1,101,20,10,6,4,10,0,2,1,0,25,"Hayden Birdsong",31635,806185
"Hayden Harris","ATL",0,0,3.3750008046628963,3,0,0,0,0,0,0,0,2.2,12,3,1,1,0,2,0,0,0,0,0,"Hayden Harris",31913,802686
"Héctor Neris","- - -",3,2,6.750001367926875,35,0,0,0,0,0,7,2,26.2,124,29,25,20,6,16,1,1,4,1,35,"Hector Neris",11804,593576
"Hoby Milner","TEX",3,4,3.838863669694995,73,0,0,0,0,0,18,4,70.1,293,68,35,30,5,21,3,2,0,0,58,"Hoby Milner",13346,571948
"Hogan Harris","ATH",2,1,3.201031431380035,48,0,0,0,0,4,3,0,64.2,277,54,26,23,5,33,4,1,1,0,65,"Hogan Harris",21520,663687
"Huascar Brazobán","NYM",5,2,3.8135600617412106,49,0,0,0,0,2,12,4,59,247,51,29,25,6,24,1,4,2,0,52,"Huascar Brazoban",6107,623211
"Hunter Barco","PIT",1,0,0,2,0,0,0,0,0,0,0,3,12,3,0,0,0,0,0,0,0,0,3,"Hunter Barco",33174,682995
"Hunter Bigge","TBR",0,0,2.4,13,0,0,0,0,0,1,1,15,60,11,4,4,4,5,0,1,0,0,12,"Hunter Bigge",26259,685801
"Hunter Dobbins","BOS",0,0,3.375,2,0,0,0,0,0,0,1,8,34,7,3,3,1,4,1,0,0,0,5,"Hunter Dobbins",30240,690928
"Hunter Gaddis","CLE",2,2,3.1050004737854726,73,0,0,0,0,3,35,4,66.2,274,58,24,23,8,21,2,1,2,0,73,"Hunter Gaddis",25636,683769
"Hunter Harvey","KCR",1,0,0,12,0,0,0,0,0,5,0,10.2,39,6,0,0,0,1,0,0,0,0,11,"Hunter Harvey",15507,640451
"Hunter Stratton","- - -",1,1,5.210527361925499,15,0,0,0,0,1,3,1,19,89,23,12,11,3,7,0,3,0,0,16,"Hunter Stratton",23455,676702
"Hunter Strickland","LAA",1,2,3.2727278402029976,19,0,0,0,0,1,2,1,22,91,17,9,8,2,10,2,0,1,0,14,"Hunter Strickland",7836,519326
"Hurston Waldrep","ATL",1,0,1.588235472312868,1,0,0,0,0,0,0,0,5.2,22,3,1,1,0,2,0,0,0,0,4,"Hurston Waldrep",33527,694462
"Ian Anderson","LAA",0,1,11.571428965549092,7,0,0,0,0,0,1,1,9.1,51,17,13,12,2,7,1,0,2,0,8,"Ian Anderson",19951,666120
"Ian Gibaut","CIN",0,1,4.61842197988851,25,0,0,0,0,0,3,1,25.1,109,26,13,13,3,8,0,0,0,0,15,"Ian Gibaut",17871,664139
"Ian Hamilton","NYY",2,0,3.6923084146173752,35,0,0,0,0,0,4,0,39,159,25,17,16,5,21,1,1,2,0,42,"Ian Hamilton",19261,641656
"Ian Seymour","TBR",1,1,4.0212767589356755,14,0,0,0,0,0,0,1,31.1,137,28,19,14,4,12,1,3,0,0,33,"Ian Seymour",27932,693855
"Isaac Mattson","PIT",3,3,2.4545457819352827,44,0,0,0,0,0,12,3,47.2,198,35,14,13,4,19,2,2,0,0,45,"Isaac Mattson",20385,676755
"Isaiah Campbell","BOS",0,0,7.043478844972598,6,0,0,0,0,0,0,0,7.2,35,13,6,6,1,1,0,1,0,0,3,"Isaiah Campbell",25551,663462
"Isiah Kiner-Falefa","TOR",0,0,0,1,0,0,0,0,0,0,0,0.2,2,0,0,0,0,0,0,0,0,0,0,"Isiah Kiner-Falefa",16512,643396
"J.P. Feyereisen","- - -",0,2,11.25,4,0,0,0,0,0,0,0,4,23,11,7,5,2,1,1,0,0,0,4,"J.P. Feyereisen",16610,656420
"J.P. France","HOU",1,0,2.25,2,0,0,0,0,0,0,0,4,16,2,1,1,0,2,0,0,0,0,5,"J.P. France",21212,641585
"J.T. Ginn","ATH",0,0,4.108696248445796,7,0,0,0,0,0,1,0,15.1,60,13,7,7,2,3,1,0,0,0,19,"J.T. Ginn",27889,669372
"Jack Dreyer","LAD",3,1,2.514706446637871,62,0,0,0,0,4,10,1,68,272,47,20,19,4,23,5,0,0,0,68,"Jack Dreyer",30249,676263
"Jack Little","LAD",0,0,6,2,0,0,0,0,0,0,0,3,14,4,2,2,0,1,0,1,0,0,2,"Jack Little",26152,669193
"Jack Perkins","ATH",0,1,2.74576280062927,8,0,0,0,0,3,1,0,19.2,77,11,6,6,2,7,0,1,2,0,19,"Jack Perkins",31468,678022
"Jackson Kowar","SEA",2,0,4.235294592834315,15,0,0,0,0,0,1,0,17,71,14,8,8,4,7,0,1,2,0,15,"Jackson Kowar",21549,663804
"Jackson Rutledge","WSN",4,2,5.768182818357783,63,0,0,0,0,0,3,0,73.1,330,87,49,47,16,24,0,7,6,0,65,"Jackson Rutledge",26215,671131
"Jacob Amaya","CHW",0,0,0,1,0,0,0,0,0,0,0,1,3,0,0,0,0,0,0,0,0,0,0,"Jacob Amaya",23296,676070
"Jacob Barnes","TOR",0,1,9.000001072883734,6,0,0,0,0,0,0,0,8,36,10,9,8,1,3,0,0,0,0,5,"Jacob Barnes",12323,606930
"Jacob Latz","TEX",1,0,2.9347830954482195,25,0,0,0,0,1,1,0,46,197,41,16,15,4,22,2,0,2,0,42,"Jacob Latz",21306,656641
"Jacob Lopez","ATH",0,1,5.192308644571423,4,0,0,0,0,0,0,0,8.2,42,10,7,5,3,4,0,1,0,0,14,"Jacob Lopez",25098,682052
"Jacob Misiorowski","MIL",0,0,3.8571433826369397,1,0,0,0,0,0,0,0,2.1,13,3,2,1,0,3,0,0,0,0,3,"Jacob Misiorowski",31623,694819
"Jacob Stallings","COL",0,0,4.5,1,0,0,0,0,0,0,0,2,8,2,1,1,0,0,0,0,0,0,1,"Jacob Stallings",13723,607732
"Jacob Webb","TEX",5,4,3.0000003467907006,55,0,0,0,0,1,7,2,66,267,49,24,22,10,19,2,2,0,0,58,"Jacob Webb",19274,657097
"Jaden Hill","COL",1,1,3.375000585209341,28,0,0,0,0,0,3,0,29.1,129,27,14,11,2,12,0,3,3,0,31,"Jaden Hill",30250,677955
"Jake Bauers","MIL",0,0,3.6,5,0,0,0,0,0,0,0,5,29,8,4,2,0,3,0,2,0,0,1,"Jake Bauers",15194,641343
"Jake Bird","- - -",4,2,5.53012109748482,48,0,0,0,0,0,10,6,55.1,248,60,37,34,7,25,4,3,4,0,66,"Jake Bird",21267,656234
"Jake Eder","LAA",0,1,4.909091249576308,8,0,0,0,0,0,0,0,18.1,78,15,10,10,3,9,1,1,3,0,15,"Jake Eder",27590,671109
"Jake Palisch","CHW",0,0,18,1,0,0,0,0,0,0,0,1,6,3,2,2,0,0,0,0,0,0,0,"Jake Palisch",31598,669449
"Jake Rogers","DET",0,0,2.454545880152248,4,0,0,0,0,0,0,0,3.2,16,5,1,1,0,0,0,1,0,0,0,"Jake Rogers",19452,668670
"Jake Woodford","ARI",0,4,6.440367874057017,22,0,0,0,0,3,2,4,36.1,170,45,28,26,3,13,1,3,1,0,23,"Jake Woodford",18674,663765
"Jakob Junis","CLE",4,1,2.9700004531861044,57,0,0,0,0,0,6,0,66.2,274,64,24,22,5,18,2,4,0,0,55,"Jakob Junis",13619,596001
"Jalen Beeks","ARI",5,2,3.740964715099269,59,0,0,0,0,1,14,2,55.1,224,41,25,23,5,20,2,2,1,0,45,"Jalen Beeks",17192,656222
"Janson Junk","MIA",1,0,2.779411842666285,5,0,0,0,0,1,0,0,22.2,89,21,7,7,0,2,0,0,0,0,20,"Janson Junk",23301,676083
"Jared Koenig","MIL",6,1,2.8636366946638505,72,0,0,0,0,2,27,2,66,268,57,21,21,6,20,1,4,1,0,68,"Jared Koenig",27517,657649
"Jared Shuster","CHW",0,0,6.585367079082038,10,0,0,0,0,0,0,0,13.2,68,21,11,10,0,4,2,1,1,0,11,"Jared Shuster",27472,694363
"Jared Triolo","PIT",0,0,0,1,0,0,0,0,0,0,0,1,8,3,2,0,1,1,0,0,0,0,0,"Jared Triolo",25807,669707
"Jared Young","NYM",0,0,0,1,0,0,0,0,0,0,0,0.1,3,1,0,0,0,1,0,0,0,0,0,"Jared Young",20404,676724
"Jason Adam","SDP",8,4,1.9285715787125863,65,0,0,0,0,0,29,2,65.1,270,50,18,14,4,25,3,3,3,0,70,"Jason Adam",11861,592094
"Jason Alexander","- - -",0,0,12.00000127156589,5,0,0,0,0,1,0,0,9,49,14,13,12,3,7,0,0,0,0,7,"Jason Alexander",19666,669920
"Javier Assad","CHC",1,0,0,1,0,0,0,0,0,0,0,2.1,10,2,0,0,0,2,0,0,0,0,1,"Javier Assad",21741,665871
"Javier Sanoja","MIA",0,0,16.392859376206996,8,0,0,0,0,0,0,0,9.1,54,24,17,17,4,5,0,0,0,0,1,"Javier Sanoja",28253,691594
"Jayden Murray","HOU",0,0,2.076923457828569,8,0,0,0,0,0,2,0,8.2,37,9,2,2,0,3,0,0,0,0,7,"Jayden Murray",26482,681151
"Jayvien Sandridge","NYY",0,0,27.000028163224034,1,0,0,0,0,0,0,0,0.2,6,1,2,2,1,2,0,1,0,0,2,"Jayvien Sandridge",25158,682144
"Jeff Brigham","ARI",0,0,8.10000077247627,4,0,0,0,0,0,0,0,3.1,18,7,3,3,1,1,0,0,0,0,3,"Jeff Brigham",16631,656257
"Jeff Hoffman","TOR",9,7,4.367647548860387,71,0,0,0,0,33,0,7,68,287,54,34,33,15,27,1,4,2,0,84,"Jeff Hoffman",17432,656546
"Jeffrey Springs","ATH",0,1,4.263158108719178,2,0,0,0,0,0,0,0,12.2,51,10,8,6,2,2,0,0,0,0,15,"Jeffrey Springs",17677,605488
"Jeremiah Estrada","SDP",4,5,3.452055516084753,77,0,0,0,0,3,30,3,73,304,58,31,28,12,27,2,3,3,0,108,"Jeremiah Estrada",22210,669093
"Jesse Chavez","ATL",0,1,9,4,0,0,0,0,0,0,0,8,43,14,8,8,4,5,0,0,0,0,8,"Jesse Chavez",5448,445926
"Jesse Hahn","SEA",0,1,5.4,3,0,0,0,0,0,0,0,5,25,6,4,3,1,5,3,1,0,1,3,"Jesse Hahn",13287,534910
"Jesse Scholtens","TBR",0,1,5.40000020599366,2,0,0,0,0,0,0,0,8.1,38,9,7,5,1,3,0,0,1,0,12,"Jesse Scholtens",19205,669947
"Jesus Tinoco","MIA",2,1,5.120690497150174,20,0,0,0,0,4,4,2,19.1,80,17,12,11,1,8,1,0,0,0,10,"Jesus Tinoco",16300,622786
"Jhoan Duran","- - -",7,6,2.057142913195553,72,0,0,0,0,32,1,5,70,287,58,19,16,3,19,4,3,3,0,80,"Jhoan Duran",21029,661395
"Jhonathan Díaz","SEA",0,0,0,1,0,0,0,0,0,0,0,1.1,5,1,0,0,0,0,0,0,0,0,1,"Jhonathan Diaz",20298,646242
"Jhonny Pereda","ATH",0,0,21,3,0,0,0,0,0,0,0,3,20,9,7,7,1,2,0,0,0,0,3,"Jhonny Pereda",19802,640902
"Jimmy Herget","COL",1,2,2.484000379028378,59,0,0,0,0,0,9,1,83.1,347,72,24,23,6,26,1,7,2,2,81,"Jimmy Herget",17556,623474
"Joe Boyle","TBR",0,0,1.9285714285714286,4,0,0,0,0,0,0,0,14,52,6,4,3,1,4,0,0,0,0,11,"Joe Boyle",29608,671212
"Joe La Sorsa","CIN",0,1,10.80000102996836,5,0,0,0,0,0,0,0,6.2,33,13,9,8,4,2,0,0,0,0,2,"Joe La Sorsa",25481,686747
"Joe Mantiply","ARI",0,1,15.827588809373266,10,0,0,0,0,0,0,1,9.2,58,26,17,17,5,3,1,1,0,0,8,"Joe Mantiply",14857,573009
"Joe Rock","TBR",0,0,2.3478262816575324,3,0,0,0,0,0,0,0,7.2,35,7,2,2,1,2,0,2,0,0,11,"Joe Rock",30016,697812
"Joe Ross","PHI",2,1,5.142857943610046,36,0,0,0,0,0,0,2,49,219,54,29,28,8,17,1,3,0,0,37,"Joe Ross",12972,605452
"Joe Ryan","MIN",0,0,5.4,1,0,0,0,0,0,0,0,5,19,3,3,3,1,2,0,0,0,0,4,"Joe Ryan",21390,657746
"Joel Payamps","- - -",0,1,6.835444358235489,30,0,0,0,0,1,4,0,26.1,117,31,20,20,4,9,1,2,0,0,24,"Joel Payamps",14332,606303
"Joel Peguero","SFG",3,1,2.4179109984237894,17,0,0,0,0,0,4,0,22.1,86,15,7,6,2,8,1,0,0,1,17,"Joel Peguero",21951,666711
"Joey Cantillo","CLE",1,0,3.8117653901520474,21,0,0,0,0,1,1,0,28.1,123,25,17,12,5,14,0,0,2,0,36,"Joey Cantillo",23335,676282
"Joey Estes","ATH",0,0,0,1,0,0,0,0,0,0,0,4,13,1,0,0,0,0,0,0,0,0,1,"Joey Estes",26257,683155
"Joey Gerber","TBR",0,0,2.076923229285257,2,0,0,0,0,0,0,0,4.1,15,3,1,1,1,0,0,0,0,0,4,"Joey Gerber",24591,680702
"Joey Lucchesi","SFG",0,1,3.756522237565047,38,0,0,0,0,0,6,0,38.1,165,35,17,16,4,12,1,2,2,1,31,"Joey Lucchesi",19320,664192
"Joey Wentz","- - -",2,1,6.324325465389928,26,0,0,0,0,0,0,1,37,174,42,28,26,5,21,2,1,2,0,34,"Joey Wentz",19962,666214
"John Brebbia","- - -",1,1,7.714286765273879,22,0,0,0,0,0,2,0,23.1,115,28,23,20,5,12,0,4,2,0,26,"John Brebbia",12777,605154
"John Curtiss","ARI",3,2,3.9272734082435967,30,0,0,0,0,1,3,0,36.2,141,29,18,16,5,5,0,0,0,0,24,"John Curtiss",16128,595928
"John King","STL",2,1,4.655173638488148,51,0,0,0,0,0,3,1,48.1,222,65,30,25,8,14,0,0,3,0,28,"John King",22051,667463
"John Rooney","HOU",0,0,6.750001609325793,1,0,0,0,0,0,0,0,1.1,6,1,1,1,1,1,0,0,0,0,2,"John Rooney",24590,680701
"John Schreiber","KCR",3,3,3.796876131557265,74,0,0,0,0,1,23,4,64,265,57,29,27,10,19,1,1,2,0,62,"John Schreiber",20020,670167
"JoJo Romero","STL",4,6,2.065574287182989,65,0,0,0,0,8,24,1,61,255,47,21,14,2,29,5,2,2,0,55,"JoJo Romero",19574,668941
"Jon Berti","CHC",0,0,7.363637640456744,4,0,0,0,0,0,0,0,3.2,19,4,3,3,0,4,0,0,0,0,0,"Jon Berti",12037,542932
"Jon Gray","TEX",1,1,7.714286239779761,6,0,0,0,0,0,0,2,14,63,15,12,12,5,6,0,0,0,0,12,"Jon Gray",14916,592351
"Jonah Bride","MIN",0,0,15,4,0,0,0,0,0,0,0,6,37,14,10,10,1,3,0,2,0,0,2,"Jonah Bride",24703,681146
"Jonathan Bowlan","KCR",1,2,3.6141736625819965,33,0,0,0,0,0,2,0,42.1,171,34,19,17,5,16,0,0,0,0,43,"Jonathan Bowlan",24607,680742
"Jonathan Cannon","CHW",1,1,5.484375326894243,5,0,0,0,0,0,0,0,21.1,90,21,13,13,2,5,0,1,0,0,21,"Jonathan Cannon",31730,686563
"Jonathan Loáisiga","NYY",0,1,4.247192194510011,30,0,0,0,0,1,7,3,29.2,135,34,15,14,7,10,3,3,1,0,25,"Jonathan Loaisiga",19753,642528
"Jonathan Pintaro","NYM",0,0,27.000028163224034,1,0,0,0,0,0,0,0,0.2,6,2,2,2,0,2,0,0,0,0,1,"Jonathan Pintaro",33980,702752
"Jordan Hicks","- - -",1,2,7.772728957420903,25,0,0,0,0,2,2,1,22,112,27,22,19,3,16,1,4,6,0,17,"Jordan Hicks",19618,663855
"Jordan Leasure","CHW",5,6,3.8368431067007043,67,0,0,0,0,7,14,5,63.1,265,48,29,27,11,30,1,1,3,0,80,"Jordan Leasure",29950,673929
"Jordan Romano","PHI",2,4,8.226563725853522,49,0,0,0,0,8,7,3,42.2,187,45,40,39,10,17,1,3,0,1,47,"Jordan Romano",16122,605447
"Jordan Weems","HOU",0,1,14.538462604996798,4,0,0,0,0,0,0,0,4.1,23,9,7,7,0,3,0,0,0,0,0,"Jordan Weems",13190,607179
"Jordan Wicks","CHC",0,1,6.2790699067020395,8,0,0,0,0,1,0,0,14.1,67,24,12,10,2,1,0,0,0,0,13,"Jordan Wicks",30094,696136
"Jorge Alcala","- - -",0,2,6.218182788565291,56,0,0,0,0,0,5,2,55,257,66,44,38,13,30,1,1,6,2,61,"Jorge Alcala",19459,660896
"Jorge López","WSN",6,0,6.567569260357331,26,0,0,0,0,1,5,3,24.2,106,25,18,18,1,7,0,3,3,0,17,"Jorge Lopez",14527,605347
"Jorge Mateo","BAL",0,0,45,1,0,0,0,0,0,0,0,1,11,5,5,5,1,2,0,1,0,0,0,"Jorge Mateo",17273,622761
"Jose A. Ferrer","WSN",4,4,4.480350091317871,72,0,0,0,0,11,21,4,76.1,324,81,41,38,5,16,1,7,6,0,71,"Jose A. Ferrer",24017,678606
"José Alvarado","PHI",4,2,3.8076928663536758,28,0,0,0,0,7,5,1,26,114,27,12,11,4,7,0,1,3,0,32,"Jose Alvarado",17780,621237
"José Berríos","TOR",0,0,13.5,1,0,0,0,0,0,0,0,2,10,2,3,3,1,2,0,0,0,0,3,"Jose Berrios",14168,621244
"José Buttó","- - -",5,3,3.8955232752383275,55,0,0,0,0,1,6,4,67,284,62,31,29,4,32,2,2,3,1,58,"Jose Butto",23313,676130
"José Caballero","TBR",0,0,54,1,0,0,0,0,0,0,0,1,9,5,6,6,2,1,0,0,0,0,0,"Jose Caballero",23401,676609
"José Castillo","- - -",2,2,3.9375008214266822,29,0,0,0,0,0,3,2,32,149,40,18,14,4,14,1,4,1,3,30,"Jose Castillo",17169,620454
"Jose Corniell","TEX",0,1,16.20000617981193,1,0,0,0,0,0,0,0,1.2,9,3,4,3,1,1,0,0,0,0,1,"Jose Corniell",27984,692030
"Jose Espada","BAL",0,0,0,1,0,0,0,0,0,0,0,3,9,1,0,0,0,0,0,0,0,0,4,"Jose Espada",21131,664744
"José Fermin","LAA",3,2,4.45631133978558,40,0,0,0,0,0,6,4,34.1,152,25,21,17,8,23,2,1,1,1,39,"Jose Fermin",33908,820862
"Jose Herrera","ARI",0,0,4.5,2,0,0,0,0,0,0,0,2,10,4,1,1,0,0,0,0,0,0,0,"Jose Herrera",17040,645444
"José Leclerc","ATH",0,1,6.000001907349239,10,0,0,0,0,0,1,2,9,46,13,6,6,3,5,0,0,1,1,8,"Jose Leclerc",14524,600917
"José Quijada","LAA",0,0,0,2,0,0,0,0,0,1,0,1.1,8,1,0,0,0,2,0,0,0,0,3,"Jose Quijada",19200,650671
"José Ruiz","- - -",1,0,8.816328761281264,18,0,0,0,0,0,3,0,16.1,79,23,17,16,3,9,0,0,0,1,15,"Jose Ruiz",14552,614179
"José Suarez","ATL",1,0,1.459459497077001,6,0,0,0,0,1,1,0,12.1,52,9,3,2,1,8,1,0,0,0,7,"Jose Suarez",19911,660761
"Jose Trevino","CIN",0,0,3.8571433826369397,2,0,0,0,0,0,0,0,2.1,12,4,1,1,0,1,0,0,0,0,1,"Jose Trevino",16725,624431
"José Ureña","- - -",0,0,4.132653262306391,13,0,0,0,0,1,0,0,32.2,139,32,16,15,4,10,1,0,1,0,22,"Jose Urena",11589,570632
"José Urquidy","DET",0,0,7.714286765273879,2,0,0,0,0,0,1,0,2.1,14,4,2,2,0,3,0,0,0,0,3,"Jose Urquidy",18413,664353
"Josh Hader","HOU",6,2,2.0506330104119512,48,0,0,0,0,28,0,1,52.2,206,29,16,12,8,16,1,2,2,0,76,"Josh Hader",14212,623352
"Josh Simpson","MIA",4,2,7.336958042840966,31,0,0,0,0,0,2,2,30.2,151,34,28,25,5,22,2,3,3,0,36,"Josh Simpson",25957,681006
"Josh Walker","TOR",0,0,7.200001373291277,3,0,0,0,0,0,0,0,5,25,8,4,4,0,2,0,1,0,0,8,"Josh Walker",23617,677020
"Josh Winckowski","BOS",0,1,3.857143067340473,6,0,0,0,0,0,0,0,11.2,52,11,7,5,0,5,0,1,0,0,9,"Josh Winckowski",22387,670174
"Jovani Morán","BOS",0,0,6.75,2,0,0,0,0,0,0,0,4,20,5,3,3,0,3,0,0,0,0,5,"Jovani Moran",20422,663558
"JT Brubaker","- - -",0,0,3.6486488837582924,16,0,0,0,0,0,0,0,24.2,100,19,10,10,0,11,1,1,1,0,18,"JT Brubaker",17578,664141
"Juan Burgos","- - -",1,1,6.0750014483932135,13,0,0,0,0,0,3,1,13.1,65,17,10,9,2,8,1,1,0,0,14,"Juan Burgos",27271,686228
"Juan Mejia","COL",2,2,3.9619568502970863,55,0,0,0,0,1,12,3,61.1,261,52,34,27,6,25,1,6,2,0,68,"Juan Mejia",23237,675848
"Juan Morillo","ARI",0,3,4.19417584462697,42,0,0,0,0,1,5,1,34.1,152,38,19,16,2,20,0,1,3,0,36,"Juan Morillo",21924,666661
"Julian Fernández","- - -",1,0,5.4,4,0,0,0,0,0,1,0,5,20,3,3,3,2,2,0,0,0,0,5,"Julian Fernandez",18341,642759
"Julian Merryweather","CHC",0,1,5.785715665136394,21,0,0,0,0,0,7,0,18.2,88,23,13,12,2,11,2,0,1,0,15,"Julian Merryweather",16703,657240
"Justin Bruihl","TOR",0,0,5.2682940308927755,15,0,0,0,0,0,4,0,13.2,65,19,10,8,2,7,3,1,0,0,18,"Justin Bruihl",23779,677865
"Justin Garza","NYM",0,0,5.40000051498418,5,0,0,0,0,0,0,0,6.2,28,8,4,4,1,1,0,0,1,0,3,"Justin Garza",19784,621057
"Justin Hagenman","NYM",0,1,3.7241381759734433,8,0,0,0,0,1,0,0,19.1,81,19,9,8,1,2,0,1,0,0,18,"Justin Hagenman",21546,663795
"Justin Lawrence","PIT",1,0,0.5094340355976084,17,0,0,0,0,0,6,1,17.2,69,9,1,1,0,8,2,2,2,0,23,"Justin Lawrence",17639,664875
"Justin Martinez","ARI",1,2,4.108696248445796,17,0,0,0,0,5,4,1,15.1,67,7,8,7,1,12,1,3,2,0,22,"Justin Martinez",24453,679885
"Justin Slaten","BOS",2,4,4.235294592834315,36,0,0,0,0,3,6,3,34,137,27,19,16,3,10,2,0,1,0,25,"Justin Slaten",25648,686580
"Justin Sterner","ATH",4,2,3.0937505532057084,58,0,0,0,0,0,16,6,64,262,46,23,22,9,21,2,7,1,0,69,"Justin Sterner",27694,686993
"Justin Topa","MIN",1,5,3.8135598151720744,53,0,0,0,0,4,4,4,59,262,65,31,25,2,18,3,4,0,0,48,"Justin Topa",15145,623437
"Justin Wilson","BOS",4,1,3.351725284245687,61,0,0,0,0,0,18,4,48.1,207,48,22,18,3,20,3,2,3,0,57,"Justin Wilson",4301,458677
"Justin Wrobleski","LAD",5,3,3.233533081855686,22,0,0,0,0,2,6,0,55.2,228,51,22,20,3,11,1,3,1,0,67,"Justin Wrobleski",31204,680736
"Kade Strowd","BAL",0,1,1.7088610895588723,25,0,0,0,0,0,5,0,26.1,105,16,6,5,1,13,0,1,2,0,24,"Kade Strowd",26191,669704
"Kai-Wei Teng","SFG",1,0,0,1,0,0,0,0,0,0,0,5,18,3,0,0,0,1,0,0,0,0,4,"Kai-Wei Teng",24282,678906
"Kaleb Ort","HOU",2,2,4.891305159080366,49,0,0,0,0,1,3,0,46,194,35,26,25,8,27,1,0,2,0,49,"Kaleb Ort",20061,672391
"Keaton Winn","SFG",0,0,4.5,7,0,0,0,0,0,0,0,10,42,12,5,5,1,2,0,0,0,0,9,"Keaton Winn",23499,676775
"Keegan Akin","BAL",5,4,3.620112349033863,61,0,0,0,0,8,16,6,59.2,253,53,28,24,10,30,2,1,2,0,54,"Keegan Akin",19362,669211
"Keider Montero","DET",1,0,5.510204510607389,8,0,0,0,0,0,0,0,32.2,145,38,20,20,9,10,0,0,2,0,26,"Keider Montero",22630,672456
"Kendall Graveman","ARI",1,0,7.132075728365186,19,0,0,0,0,0,1,0,17.2,82,23,14,14,2,12,0,1,0,0,9,"Kendall Graveman",15514,608665
"Kenley Jansen","LAA",5,4,2.59322050665002,62,0,0,0,0,29,0,1,59,234,37,18,17,8,19,2,1,0,3,57,"Kenley Jansen",3096,445276
"Kenta Maeda","DET",0,0,7.875000938773267,7,0,0,0,0,0,0,0,8,43,9,8,7,1,6,0,3,2,0,8,"Kenta Maeda",18498,628317
"Kevin Ginkel","ARI",1,4,7.363637093247956,29,0,0,0,0,3,6,1,25.2,121,29,22,21,2,13,0,2,1,0,29,"Kevin Ginkel",19876,656464
"Kevin Herget","- - -",0,0,2.7692311755299457,7,0,0,0,0,0,0,0,13,56,12,5,4,0,5,0,0,3,0,6,"Kevin Herget",15369,643361
"Kevin Kelly","TBR",2,5,5.899161176706825,41,0,0,0,0,0,5,4,39.2,171,45,29,26,11,9,1,0,1,1,35,"Kevin Kelly",25679,687330
"Kevin Newman","LAA",0,0,6.75,2,0,0,0,0,0,0,0,4,16,4,3,3,2,0,0,0,0,0,0,"Kevin Newman",17696,621028
"Kirby Yates","LAD",4,3,5.225807094673291,50,0,0,0,0,3,15,2,41.1,178,38,26,24,9,17,0,1,1,0,52,"Kirby Yates",9073,489446
"Kody Clemens","MIN",0,0,18,1,0,0,0,0,0,0,0,1,6,3,2,2,2,0,0,0,0,0,0,"Kody Clemens",20572,665019
"Kody Funderburk","MIN",4,1,3.5121957755104205,39,0,0,0,0,1,7,0,41,183,44,17,16,2,18,1,3,5,1,40,"Kody Funderburk",24993,681892
"Kolby Allard","CLE",2,2,2.6531794832681075,31,0,0,0,0,0,3,0,57.2,239,59,20,17,5,14,3,1,0,0,34,"Kolby Allard",18694,663465
"Konnor Pilkington","WSN",2,0,4.447059621844056,32,0,0,0,0,0,5,0,28.1,123,22,16,14,7,17,0,2,2,0,34,"Konnor Pilkington",21453,663455
"Korey Lee","CHW",0,0,3,2,0,0,0,0,0,0,0,3,14,4,1,1,0,2,0,0,0,0,0,"Korey Lee",25543,686676
"Kyle Backhus","ARI",0,3,4.618422675331454,32,0,0,0,0,2,10,2,25.1,115,28,14,13,3,8,0,3,1,0,22,"Kyle Backhus",29615,679775
"Kyle Farmer","COL",0,0,9,1,0,0,0,0,0,0,0,1,5,3,1,1,1,0,0,0,0,0,0,"Kyle Farmer",14813,571657
"Kyle Finnegan","- - -",4,4,3.473684675475629,56,0,0,0,0,24,3,7,57,229,45,24,22,4,18,2,1,6,0,55,"Kyle Finnegan",15009,640448
"Kyle Harrison","- - -",0,0,2.160000082397464,5,0,0,0,0,0,1,0,8.1,34,5,2,2,1,3,1,1,0,0,9,"Kyle Harrison",27758,690986
"Kyle Hart","SDP",1,1,4.67307778011428,14,0,0,0,0,0,2,0,17.1,69,9,9,9,1,7,0,2,0,1,20,"Kyle Hart",19646,606996
"Kyle Leahy","STL",4,2,3.1764711584600396,61,0,0,0,0,1,18,4,85,354,79,32,30,5,28,1,1,5,0,79,"Kyle Leahy",24763,681517
"Kyle Nelson","ARI",0,0,9,3,0,0,0,0,1,0,0,2,11,1,2,2,1,4,0,0,1,0,2,"Kyle Nelson",20515,669459
"Kyle Nicolas","PIT",1,2,4.736843056295908,31,0,0,0,0,0,3,1,38,167,34,21,20,3,18,0,2,1,0,34,"Kyle Nicolas",27775,693312
"Lake Bachar","MIA",8,1,3.7826091138988014,52,0,0,0,0,3,5,1,69,288,53,32,29,10,30,3,3,5,0,73,"Lake Bachar",19222,669199
"Lance McCullers Jr.","HOU",0,1,4.5,3,0,0,0,0,0,0,0,4,24,6,5,2,0,4,0,1,0,0,3,"Lance McCullers Jr.",14120,621121
"Landon Knack","LAD",1,0,4.21875025145711,3,0,0,0,0,1,0,0,10.2,43,8,5,5,2,3,0,0,0,0,13,"Landon Knack",27487,689017
"Lazaro Estrada","TOR",0,0,8.590909463314986,2,0,0,0,0,0,0,1,7.1,35,10,7,7,2,1,0,2,0,0,10,"Lazaro Estrada",24914,681751
"Leo Rivas","SEA",0,0,0,1,0,0,0,0,0,0,0,1,6,3,0,0,0,1,0,0,0,0,0,"Leo Rivas",21009,660844
"Liam Hendriks","BOS",0,2,6.5853666195481715,14,0,0,0,0,0,0,0,13.2,59,12,11,10,2,7,0,1,0,0,12,"Liam Hendriks",3548,521230
"Logan Allen","CLE",1,0,0,1,0,0,0,0,0,0,0,1,3,0,0,0,0,0,0,0,0,0,2,"Logan Allen",27589,671106
"Logan Davidson","LAA",0,0,0,1,0,0,0,0,0,0,0,1,3,0,0,0,0,0,0,0,0,0,1,"Logan Davidson",25844,669722
"Logan Evans","SEA",0,0,3,1,0,0,0,0,0,0,1,3,12,2,1,1,0,1,0,0,1,0,1,"Logan Evans",33699,688138
"Logan Gillaspie","SDP",0,0,2.57142892175796,3,0,0,0,0,0,0,0,7,31,7,2,2,1,4,0,1,0,2,4,"Logan Gillaspie",22461,670810
"Logan Porter","SFG",0,0,9,1,0,0,0,0,0,0,0,1,5,2,1,1,1,0,0,0,0,0,0,"Logan Porter",20626,682515
"Logan VanWey","HOU",0,0,5.062500301748532,9,0,0,0,0,0,0,0,10.2,49,15,7,6,2,3,0,1,0,0,7,"Logan VanWey",31884,701121
"Lou Trivino","- - -",3,2,3.941606635118696,45,0,0,0,0,0,5,1,45.2,199,44,22,20,6,18,1,5,1,1,36,"Lou Trivino",15043,642152
"Louis Varland","- - -",4,3,3.0566042135856506,73,0,0,0,0,0,22,2,70.2,290,65,27,24,6,22,1,2,0,0,72,"Louis Varland",27691,686973
"Luarbert Arias","MIA",0,0,11.322580993485635,7,0,0,0,0,0,0,0,10.1,55,17,13,13,2,5,0,2,1,0,10,"Luarbert Arias",23811,678215
"Lucas Erceg","KCR",8,4,2.641304731143726,61,0,0,0,0,2,22,5,61.1,249,54,19,18,4,18,3,4,3,0,48,"Lucas Erceg",19360,668674
"Lucas Gilbreath","COL",0,0,9,1,0,0,0,0,0,0,0,1,4,1,1,1,1,0,0,0,0,0,2,"Lucas Gilbreath",21290,656458
"Lucas Sims","WSN",1,0,13.864869510632687,18,0,0,0,0,0,1,1,12.1,72,14,19,19,2,14,0,7,3,0,13,"Lucas Sims",13470,608371
"Luinder Avila","KCR",1,1,1.285714373296627,13,0,0,0,0,0,0,0,14,56,7,2,2,0,6,0,0,0,0,16,"Luinder Avila",24452,679883
"Luis Contreras","HOU",0,0,6.750000536441846,9,0,0,0,0,0,1,0,12,54,11,9,9,2,8,0,0,1,0,13,"Luis Contreras",25839,664351
"Luis Curvelo","TEX",1,1,5.68421166755509,17,0,0,0,0,0,2,2,19,84,17,13,12,3,10,1,0,0,0,20,"Luis Curvelo",24710,681168
"Luis García","- - -",2,2,3.4156631411792486,58,0,0,0,0,2,12,1,55.1,233,55,23,21,2,26,5,0,9,0,48,"Luis Garcia",6984,472610
"Luis Guerrero","BOS",0,1,4.153846915657138,13,0,0,0,0,0,0,0,17.1,72,9,8,8,0,14,0,0,0,0,10,"Luis Guerrero",31184,692285
"Luis Mey","CIN",2,0,3.4285720513792586,23,0,0,0,0,0,4,1,21,96,17,8,8,3,17,0,1,2,0,21,"Luis Mey",25620,682825
"Luis Morales","ATH",0,0,4.5,1,0,0,0,0,0,0,0,2,9,3,1,1,0,1,0,0,0,0,0,"Luis Morales",32227,806960
"Luis Peralta","COL",1,3,9.473687063624853,22,0,0,0,0,0,1,3,19,101,26,22,20,6,18,0,2,1,1,16,"Luis Peralta",24203,678821
"Luis Torrens","NYM",0,0,54.00005632644807,2,0,0,0,0,0,0,0,0.2,8,5,4,4,2,1,0,0,0,0,0,"Luis Torrens",15905,620443
"Luis Vázquez","BAL",0,0,0,4,0,0,0,0,0,0,0,4.1,14,3,0,0,0,1,0,0,0,0,0,"Luis Vazquez",23442,676679
"Luke Jackson","- - -",2,5,4.058824288391467,52,0,0,0,0,9,4,2,51,219,41,30,23,4,28,5,3,0,0,38,"Luke Jackson",11752,592426
"Luke Little","CHC",0,0,3.3750008046628963,2,0,0,0,0,0,0,0,2.2,15,1,2,1,0,6,0,0,0,0,4,"Luke Little",28036,681432
"Luke Maile","KCR",0,0,0,1,0,0,0,0,0,0,0,1,4,0,0,0,0,1,0,0,0,0,0,"Luke Maile",13355,571912
"Luke Weaver","NYY",4,4,3.6185572702556916,64,0,0,0,0,8,21,4,64.2,262,46,28,26,10,20,1,1,1,0,72,"Luke Weaver",16918,596133
"Luke Williams","ATL",0,0,3.000000476837234,6,0,0,0,0,0,0,0,6,25,6,2,2,1,1,0,0,0,0,4,"Luke Williams",19931,663897
"Lyon Richardson","CIN",0,3,4.539823315363745,34,0,0,0,0,0,3,1,37.2,172,37,25,19,2,21,4,2,0,0,30,"Lyon Richardson",24581,680689
"Manuel Rodríguez","TBR",1,2,2.076923294583341,31,0,0,0,0,0,11,0,30.1,121,26,9,7,2,6,0,1,1,0,25,"Manuel Rodriguez",20794,655889
"Marc Church","TEX",0,0,3.8571433826369397,5,0,0,0,0,0,1,1,4.2,23,4,2,2,0,6,0,0,0,0,5,"Marc Church",26353,687847
"Mark Leiter Jr.","NYY",6,7,4.841380584027674,59,0,0,0,0,2,14,4,48.1,219,57,31,26,5,17,0,4,8,0,54,"Mark Leiter Jr.",15551,643410
"Martín Pérez","CHW",0,1,2.70000025749209,1,0,0,0,0,0,0,0,3.1,15,3,1,1,0,2,0,0,0,0,4,"Martin Perez",6902,527048
"Mason Black","SFG",0,0,6.75,1,0,0,0,0,0,0,0,4,19,5,5,3,2,0,0,0,0,0,5,"Mason Black",30171,696131
"Mason Englert","TBR",0,1,3.8283584269257975,29,0,0,0,0,0,1,0,44.2,185,43,20,19,4,11,0,1,2,0,44,"Mason Englert",22288,669438
"Mason Fluharty","TOR",5,2,4.443039476480428,55,0,0,0,0,1,5,2,52.2,215,36,28,26,6,24,4,2,1,0,56,"Mason Fluharty",31553,689254
"Mason Miller","- - -",1,2,2.6270273791272545,60,0,0,0,0,22,10,4,61.2,234,28,19,18,5,28,2,1,3,1,104,"Mason Miller",31757,695243
"Mason Montgomery","TBR",1,3,5.673914455060824,57,0,0,0,0,1,10,3,46,209,49,32,29,6,27,0,1,1,0,63,"Mason Montgomery",29770,682254
"Mason Thompson","WSN",1,1,11.812502816320137,14,0,0,0,0,0,0,0,10.2,60,16,16,14,1,12,2,0,0,0,11,"Mason Thompson",21850,666168
"Matt Bowman","BAL",0,1,6.202703821824738,20,0,0,0,0,0,0,0,24.2,114,31,18,17,4,6,0,2,1,0,18,"Matt Bowman",13528,621199
"Matt Brash","SEA",1,3,2.4718314507395824,53,0,0,0,0,4,21,1,47.1,199,41,15,13,4,18,2,2,0,0,58,"Matt Brash",25756,666374
"Matt Festa","CLE",5,4,4.115854998843727,63,0,0,0,0,0,12,2,54.2,226,44,29,25,4,15,2,5,1,1,56,"Matt Festa",19330,670036
"Matt Gage","- - -",0,1,3.413794226085474,31,0,0,0,0,0,2,0,29,131,35,11,11,0,12,1,2,3,0,25,"Matt Gage",17381,657424
"Matt Krook","ATH",0,0,5.400002059937309,3,0,0,0,0,0,0,0,3.1,15,5,2,2,0,1,0,0,1,0,3,"Matt Krook",19315,640454
"Matt Sauer","LAD",2,1,6.6623383224624355,9,0,0,0,0,1,0,0,25.2,113,33,21,19,5,6,0,2,1,0,22,"Matt Sauer",22284,669422
"Matt Strahm","PHI",2,3,2.7433157318699255,66,0,0,0,0,6,22,4,62.1,256,47,22,19,5,20,1,2,3,0,70,"Matt Strahm",13799,621381
"Matt Svanson","STL",4,0,1.9392268054306208,39,0,0,0,0,0,5,0,60.1,234,33,14,13,3,20,0,4,1,0,68,"Matt Svanson",29629,694335
"Max Kranick","NYM",3,2,3.648649400999616,24,0,0,0,0,0,5,1,37,148,34,15,15,5,5,0,0,0,0,25,"Max Kranick",22175,668820
"Max Lazar","PHI",1,1,4.790323170117184,36,0,0,0,0,1,1,0,41.1,170,41,23,22,7,12,0,0,3,0,26,"Max Lazar",23426,676661
"Michael Darrell-Hicks","- - -",1,0,7.448276351946887,7,0,0,0,0,0,0,0,9.2,43,10,8,8,1,4,0,1,2,0,8,"Michael Darrell-Hicks",31501,690382
"Michael Fulmer","- - -",0,0,4.764706416938604,3,0,0,0,0,0,0,0,5.2,23,6,3,3,1,2,0,0,0,0,3,"Michael Fulmer",13218,605242
"Michael Kelly","ATH",4,4,3.176471402842136,42,0,0,0,0,2,7,1,39.2,166,32,17,14,5,19,3,1,1,0,29,"Michael Kelly",12791,547184
"Michael Kopech","LAD",0,0,2.454545880152248,14,0,0,0,0,0,6,0,11,53,6,3,3,0,13,0,0,3,1,12,"Michael Kopech",17282,656629
"Michael Lorenzen","KCR",0,0,0,1,0,0,0,0,0,0,0,1,3,0,0,0,0,0,0,0,0,0,1,"Michael Lorenzen",14843,547179
"Michael McGreevy","STL",1,0,0,1,0,0,0,0,0,0,0,5.2,20,1,0,0,0,1,0,1,0,0,5,"Michael McGreevy",29869,700241
"Michael Mercado","PHI",0,0,15,3,0,0,0,0,0,0,0,3,20,7,5,5,1,4,0,0,0,0,4,"Michael Mercado",23223,675650
"Michael Petersen","- - -",0,0,4.000000847710683,15,0,0,0,0,0,2,1,18,79,18,11,8,3,7,2,0,2,0,17,"Michael Petersen",20827,656848
"Michael Soroka","CHC",0,0,0,5,0,0,0,0,0,1,0,6.1,28,3,4,0,0,4,0,1,0,0,5,"Michael Soroka",18383,647336
"Michael Stefanic","TOR",0,0,0,1,0,0,0,0,0,0,0,1,3,0,0,0,0,0,0,0,0,0,0,"Michael Stefanic",25353,683021
"Michael Tonkin","MIN",2,1,4.8750007748605055,21,0,0,0,0,0,2,1,24,103,20,13,13,3,8,0,5,1,0,19,"Michael Tonkin",10315,543859
"Michel Otañez","ATH",0,0,13.500003218651585,6,0,0,0,0,0,1,0,5.1,28,7,8,8,2,5,0,1,0,0,6,"Michel Otanez",22533,671305
"Mick Abel","MIN",0,1,12.6,2,0,0,0,0,0,0,1,5,28,8,8,7,0,4,0,0,0,0,7,"Mick Abel",27756,690953
"Miguel Castro","CHW",0,0,7.500002384186549,6,0,0,0,0,0,1,0,6,28,5,5,5,1,5,0,1,0,0,4,"Miguel Castro",15684,612434
"Miguel Rojas","LAD",0,0,12.6,4,0,0,0,0,0,0,0,5,28,11,7,7,3,2,0,1,0,0,0,"Miguel Rojas",7802,500743
"Mike Burrows","PIT",1,0,1.9285714942581822,4,0,0,0,0,0,0,0,9.1,38,9,2,2,1,2,0,1,0,0,5,"Mike Burrows",24728,681347
"Mike Clevinger","CHW",0,2,7.941178698028873,8,0,0,0,0,0,2,0,5.2,31,5,5,5,0,8,0,0,1,0,3,"Mike Clevinger",12808,605182
"Mike Vasil","CHW",5,3,2.000000169542115,44,0,0,0,0,4,2,2,90,371,60,24,20,5,46,5,6,4,2,71,"Mike Vasil",30105,678024
"Mike Yastrzemski","SFG",0,0,18,1,0,0,0,0,0,0,0,1,7,2,2,2,0,1,0,1,0,0,0,"Mike Yastrzemski",14854,573262
"Miles Mastrobuoni","SEA",0,0,0,1,0,0,0,0,0,0,0,1,6,1,0,0,0,2,0,0,0,0,0,"Miles Mastrobuoni",20017,670156
"Mitch Spence","ATH",2,1,4.335767389176058,24,0,0,0,0,1,4,0,45.2,202,47,29,22,4,16,1,3,1,0,39,"Mitch Spence",27707,687765
"Mitchell Parker","WSN",1,0,1.4210529168887724,3,0,0,0,0,1,0,0,6.1,23,3,1,1,0,1,0,0,1,0,2,"Mitchell Parker",27636,680730
"Nabil Crismatt","ARI",1,0,5.625,3,0,0,0,0,0,0,0,8,44,13,7,5,3,5,0,0,0,0,8,"Nabil Crismatt",17732,622503
"Nate Eaton","BOS",0,0,0,1,0,0,0,0,0,0,0,1,4,2,0,0,0,0,0,0,0,0,0,"Nate Eaton",25055,681987
"Nate Pearson","CHC",0,1,9.204545853551771,11,0,0,0,0,0,1,0,14.2,75,22,15,15,2,10,1,1,1,0,7,"Nate Pearson",20160,663878
"Nathan Wiles","ATL",0,0,27,1,0,0,0,0,0,0,0,1,7,4,3,3,0,0,0,0,0,0,1,"Nathan Wiles",25474,686249
"Nic Enright","CLE",2,1,2.032258439634712,27,0,0,0,0,1,3,1,31,127,24,8,7,3,12,0,2,0,1,30,"Nic Enright",25553,663671
"Nick Anderson","COL",0,0,6.136364301374208,12,0,0,0,0,0,0,0,14.2,61,17,10,10,3,2,0,0,0,0,10,"Nick Anderson",18337,623433
"Nick Burdi","BOS",0,0,0,4,0,0,0,0,0,0,0,5.1,21,5,0,0,0,2,0,0,1,0,5,"Nick Burdi",16074,595897
"Nick Hernandez","HOU",0,0,5.062500301748532,10,0,0,0,0,0,0,0,10.2,52,12,6,6,3,8,0,0,0,0,11,"Nick Hernandez",19281,663321
"Nick Lodolo","CIN",0,0,9,1,0,0,0,0,0,0,0,1,7,2,1,1,0,2,0,0,0,0,0,"Nick Lodolo",26378,666157
"Nick Martinez","CIN",1,4,2.6129035473366455,14,0,0,0,0,0,5,0,20.2,81,13,8,6,2,6,1,0,1,0,9,"Nick Martinez",12730,607259
"Nick Mears","MIL",5,3,3.494118509523809,63,0,0,0,0,1,16,6,56.2,221,42,25,22,7,13,1,1,2,0,46,"Nick Mears",25376,683232
"Nick Raquet","STL",0,0,0,2,0,0,0,0,0,0,0,2,7,0,0,0,0,1,0,0,0,0,1,"Nick Raquet",20333,675919
"Nick Sandlin","TOR",0,2,2.2040823190128,19,0,0,0,0,1,5,3,16.1,69,11,7,4,2,8,0,2,1,0,16,"Nick Sandlin",20517,680704
"Nicky Lopez","LAA",0,0,0,1,0,0,0,0,0,0,0,0.1,2,0,0,0,0,1,0,0,0,0,0,"Nicky Lopez",19339,670032
"Niko Kavadas","LAA",0,0,0,1,0,0,0,0,0,0,0,1.2,9,3,0,0,0,1,0,0,0,0,1,"Niko Kavadas",29782,694359
"Noah Davis","- - -",0,2,18.000001560558108,9,0,0,0,0,0,0,1,11,65,22,24,22,7,6,0,7,1,0,15,"Noah Davis",25862,663562
"Noah Murdock","ATH",1,1,13.235297087567742,14,0,0,0,0,0,1,1,17,98,26,25,25,0,20,3,2,0,1,21,"Noah Murdock",27908,668716
"Nolan Hoffman","PHI",0,0,27,1,0,0,0,0,0,0,0,1,7,3,3,3,0,1,0,0,1,0,2,"Nolan Hoffman",23381,676510
"Omar Cruz","SDP",0,0,4.909091760304496,2,0,0,0,0,0,0,0,3.2,18,4,2,2,0,3,0,0,0,0,5,"Omar Cruz",23875,678316
"Orion Kerkering","PHI",8,4,3.3000004196167527,69,0,0,0,0,4,19,7,60,266,55,28,22,6,27,3,4,5,0,65,"Orion Kerkering",31776,689147
"Orlando Ribalta","WSN",0,0,7.027398729172533,22,0,0,0,0,0,0,0,24.1,120,28,19,19,6,17,0,1,0,1,25,"Orlando Ribalta",26247,687377
"Osvaldo Bido","ATH",0,1,5.400000823974735,16,0,0,0,0,1,0,0,33.1,151,38,22,20,8,15,1,4,0,0,34,"Osvaldo Bido",23150,674370
"Oswald Peraza","LAA",0,0,30.857147061095517,2,0,0,0,0,0,0,0,2.1,16,9,8,8,1,0,0,1,0,0,0,"Oswald Peraza",22823,672724
"Owen White","CHW",0,0,9.00000122615286,3,0,0,0,0,0,0,0,7,35,14,7,7,1,3,0,0,0,0,6,"Owen White",22273,669391
"Pablo Reyes","NYY",0,0,27,1,0,0,0,0,0,0,0,1,8,5,3,3,1,0,0,0,0,0,0,"Pablo Reyes",16357,622569
"Patrick Corbin","TEX",0,1,18,1,0,0,0,0,0,0,0,1,6,3,3,2,0,0,0,0,1,0,0,"Patrick Corbin",9323,571578
"Patrick Monteverde","MIA",0,0,9.818183520608992,1,0,0,0,0,0,0,0,3.2,20,9,4,4,0,1,0,0,0,0,4,"Patrick Monteverde",29564,687287
"Paul Blackburn","- - -",0,0,6.567567736846505,11,0,0,0,0,1,0,0,24.2,106,28,19,18,4,6,0,0,0,1,22,"Paul Blackburn",14739,621112
"Paul Gervase","- - -",0,0,4.320000659179788,6,0,0,0,0,0,0,0,8.1,39,8,4,4,3,6,0,0,0,0,8,"Paul Gervase",31571,801434
"Paul Sewald","- - -",1,1,4.576272665855494,22,0,0,0,0,2,4,2,19.2,81,18,11,10,4,6,0,0,0,0,20,"Paul Sewald",13892,623149
"Paxton Schultz","TOR",0,0,4.050000386238135,11,0,0,0,0,0,0,0,20,91,22,13,9,3,8,0,1,0,0,23,"Paxton Schultz",25501,687606
"Payton Tolle","BOS",0,0,3,4,0,0,0,0,0,0,0,6,27,7,3,2,1,2,0,0,0,0,7,"Payton Tolle",35466,801139
"Penn Murfee","CHW",0,1,7.815791042888248,15,0,0,0,0,0,2,1,12.2,63,19,11,11,3,5,0,1,0,0,13,"Penn Murfee",25174,682171
"Pete Fairbanks","TBR",4,5,2.8342543825817113,61,0,0,0,0,27,0,5,60.1,244,45,22,19,7,18,0,1,2,0,59,"Pete Fairbanks",17998,664126
"Phil Maton","- - -",4,5,2.7880439695767474,63,0,0,0,0,5,22,5,61.1,248,42,21,19,3,23,2,7,1,0,81,"Phil Maton",18064,664208
"Philip Abner","ARI",0,0,4.909094633152532,5,0,0,0,0,0,0,0,3.2,18,5,2,2,0,3,0,0,0,0,5,"Philip Abner",33821,691769
"Pierce Johnson","ATL",3,3,3.0508482466483025,65,0,0,0,0,1,16,3,59,238,52,21,20,8,19,2,1,2,0,59,"Pierce Johnson",13435,572955
"Pierson Ohl","MIN",0,1,2.4545454545454546,11,0,0,0,0,0,1,0,22,89,21,7,6,1,4,0,0,0,0,19,"Pierson Ohl",30179,701487
"PJ Poulin","WSN",2,1,3.648649589087406,28,0,0,0,0,1,5,2,24.2,110,23,10,10,2,13,0,2,0,0,27,"PJ Poulin",23394,676571
"Porter Hodge","CHC",2,2,6.272727997835101,36,0,0,0,0,2,8,3,33,147,34,24,23,9,18,1,0,5,1,40,"Porter Hodge",26413,687863
"Quinn Priester","MIL",3,0,5.062500120699409,5,0,0,0,0,0,0,0,26.2,109,20,15,15,5,10,0,0,1,0,15,"Quinn Priester",25977,682990
"Rafael Montero","- - -",1,2,4.475138923237855,59,0,0,0,0,0,8,1,60.1,253,42,34,30,5,37,2,0,0,0,58,"Rafael Montero",12760,606160
"Raisel Iglesias","ATL",4,6,3.2079210344009423,70,0,0,0,0,29,2,5,67.1,266,51,25,24,8,16,2,2,0,0,73,"Raisel Iglesias",17130,628452
"Randy Dobnak","MIN",0,0,1.687500100582844,1,0,0,0,0,0,0,0,5.1,19,2,1,1,1,2,0,0,0,0,1,"Randy Dobnak",23798,677976
"Randy Rodríguez","SFG",3,5,1.7763160123719683,50,0,0,0,0,4,13,3,50.2,198,34,12,10,4,11,0,4,2,0,67,"Randy Rodriguez",23974,678495
"Randy Vásquez","SDP",0,1,7.714286765273879,2,0,0,0,0,0,0,0,4.2,19,6,4,4,0,1,0,0,0,0,5,"Randy Vasquez",24719,681190
"Randy Wynne","CIN",0,0,3,1,0,0,0,0,1,0,0,3,13,3,1,1,1,1,0,0,0,0,3,"Randy Wynne",25804,691094
"Reed Garrett","NYM",3,6,3.975461053078553,57,0,0,0,0,3,20,7,54.1,235,47,27,24,5,26,2,1,3,0,62,"Reed Garrett",16866,657585
"Reese McGuire","CHC",0,0,9,1,0,0,0,0,0,0,0,1,6,2,1,1,1,1,0,0,0,0,0,"Reese McGuire",15674,624512
"Reid Detmers","LAA",5,3,3.958115578508185,61,0,0,0,0,3,13,5,63.2,266,58,29,28,6,25,4,2,2,0,80,"Reid Detmers",27468,672282
"Reiver Sanmartin","CIN",0,0,0,1,0,0,0,0,0,0,0,1.2,8,2,1,0,0,1,1,0,1,0,2,"Reiver Sanmartin",19754,665665
"Richard Fitts","BOS",1,0,6.75,1,0,0,0,0,0,0,0,4,18,2,3,3,1,3,0,1,0,0,6,"Richard Fitts",30160,690916
"Richard Lovelady","- - -",0,1,8.485716135453607,10,0,0,0,0,0,2,0,11.2,57,12,12,11,3,6,0,4,0,0,12,"Richard Lovelady",19337,663992
"Rico Garcia","- - -",0,2,3.2400004943848413,28,0,0,0,0,0,10,0,33.1,137,29,12,12,5,10,1,0,2,0,37,"Rico Garcia",20023,670329
"Riley O'Brien","STL",3,1,2.0625003278255982,42,0,0,0,0,6,6,3,48,199,33,13,11,2,22,2,7,3,0,45,"Riley O'Brien",20348,676617
"Roansy Contreras","- - -",0,0,5.684211239590298,5,0,0,0,0,0,0,0,12.2,51,12,8,8,3,2,0,1,0,0,6,"Roansy Contreras",22810,672710
"Rob Zastryzny","MIL",2,1,2.571429505640486,25,0,0,0,0,0,2,1,21,90,16,7,6,3,10,3,1,2,0,18,"Rob Zastryzny",15094,642239
"Robert Garcia","TEX",4,8,2.9531257040800343,71,0,0,0,0,9,15,7,64,269,58,26,21,8,22,2,1,1,1,68,"Robert Garcia",23363,676395
"Robert Stephenson","LAA",2,0,2.70000025749209,12,0,0,0,0,0,0,1,10,42,7,4,3,1,3,1,1,1,1,10,"Robert Stephenson",13594,596112
"Robert Stock","BOS",0,0,10.125002413988689,2,0,0,0,0,0,0,0,2.2,15,4,3,3,1,4,0,0,0,0,1,"Robert Stock",6576,476594
"Robert Suarez","SDP",4,6,2.9712919744935826,70,0,0,0,0,40,0,5,69.2,269,47,24,23,6,16,2,2,1,0,75,"Robert Suarez",30115,663158
"Robinson Piña","- - -",0,0,7.714286765273879,2,0,0,0,0,0,0,0,2.1,14,5,4,2,1,1,0,0,0,0,1,"Robinson Pina",23091,673820
"Roddery Muñoz","STL",0,0,8.181818891162775,9,0,0,0,0,0,0,0,11,51,9,10,10,4,9,0,0,1,0,14,"Roddery Munoz",25311,682610
"Roki Sasaki","LAD",0,0,0,2,0,0,0,0,0,2,0,2,7,1,0,0,0,0,0,0,0,0,4,"Roki Sasaki",35323,808963
"Rolddy Muñoz","ATL",0,0,12.272729400761241,3,0,0,0,0,0,0,0,3.2,21,4,5,5,1,5,0,2,1,0,5,"Rolddy Munoz",27407,691548
"Ron Marinaccio","SDP",0,0,0.843750050291422,7,0,0,0,0,0,0,0,10.2,42,6,1,1,0,4,0,0,0,0,12,"Ron Marinaccio",23488,676760
"Ronny Henriquez","MIA",7,1,2.2191785460544837,69,0,0,0,0,7,26,4,73,303,53,23,18,8,27,2,4,2,2,98,"Ronny Henriquez",24094,678692
"Rowdy Tellez","TEX",0,0,13.5,1,0,0,0,0,0,0,0,2,11,5,3,3,1,0,0,1,0,0,0,"Rowdy Tellez",15679,642133
"Ryan Bergert","SDP",1,0,0,4,0,0,0,0,0,0,0,4,14,1,0,0,0,0,0,1,0,0,2,"Ryan Bergert",29863,686701
"Ryan Borucki","- - -",1,3,4.628572689757399,39,0,0,0,0,0,7,3,35,145,29,20,18,4,16,1,1,2,1,32,"Ryan Borucki",16350,621366
"Ryan Brasier","CHC",0,1,4.680000714111437,27,0,0,0,0,0,4,0,25,102,27,13,13,2,5,0,0,0,0,19,"Ryan Brasier",5615,518489
"Ryan Burr","TOR",1,0,0,2,0,0,0,0,0,0,0,2,8,1,0,0,0,1,0,0,0,0,3,"Ryan Burr",17536,621114
"Ryan Fernandez","STL",0,4,7.71428700780965,32,0,0,0,0,1,4,1,30.1,140,36,30,26,6,16,2,1,0,0,34,"Ryan Fernandez",24862,681676
"Ryan Fitzgerald","MIN",0,0,0,2,0,0,0,0,0,0,0,2,8,2,0,0,0,0,0,0,0,0,0,"Ryan Fitzgerald",24622,680837
"Ryan Gusto","HOU",1,0,3.1500003004074384,10,0,0,0,0,0,0,0,20,88,20,10,7,3,8,0,0,0,0,19,"Ryan Gusto",26440,687473
"Ryan Helsley","- - -",3,4,4.500000306538194,58,0,0,0,0,21,1,9,56,252,61,32,28,8,25,3,1,7,0,63,"Ryan Helsley",18138,664854
"Ryan Johnson","LAA",1,1,7.363637640456744,14,0,0,0,0,1,1,2,14.2,72,24,15,12,4,5,1,0,0,0,16,"Ryan Johnson",35325,696270
"Ryan Loutos","- - -",1,0,12.750001013279041,12,0,0,0,0,0,0,0,12,68,20,21,17,4,8,0,2,0,0,8,"Ryan Loutos",29521,702795
"Ryan Pressly","CHC",2,3,4.354838843648321,44,0,0,0,0,5,7,2,41.1,182,46,24,20,6,17,0,2,0,0,28,"Ryan Pressly",7005,519151
"Ryan Rolison","COL",1,0,7.185484755175776,30,0,0,0,0,0,0,0,41.1,189,54,35,33,11,20,0,0,1,1,24,"Ryan Rolison",22200,669020
"Ryan Thompson","ARI",3,2,3.919356044448128,48,0,0,0,0,1,17,3,41.1,175,42,21,18,4,13,2,2,0,1,36,"Ryan Thompson",16647,657044
"Ryan Walker","SFG",5,7,4.108696248445796,68,0,0,0,0,17,9,6,61.1,266,60,32,28,4,18,2,8,1,2,60,"Ryan Walker",20423,676254
"Ryan Yarbrough","NYY",0,0,5.250000834465159,11,0,0,0,0,1,0,0,24,103,24,14,14,6,8,0,1,0,0,22,"Ryan Yarbrough",16502,642232
"Ryan Zeferjahn","LAA",6,5,4.660714920686302,61,0,0,0,0,2,17,5,56,253,48,30,29,11,35,3,4,3,0,71,"Ryan Zeferjahn",25420,666171
"Ryne Nelson","ARI",1,0,4.5000003301180564,10,0,0,0,0,1,0,1,26,108,21,13,13,2,6,0,1,0,0,27,"Ryne Nelson",26253,669194
"Ryne Stanek","NYM",4,6,5.303572873680353,65,0,0,0,0,3,11,5,56,255,56,39,33,7,32,0,0,5,0,58,"Ryne Stanek",15947,592773
"Sam Aldegheri","LAA",0,0,10.384616146426286,2,0,0,0,0,0,0,1,4.1,25,6,7,5,1,5,0,1,0,0,4,"Sam Aldegheri",26443,691951
"Sam Bachman","LAA",2,3,6.196722280271293,23,0,0,0,0,0,2,2,20.1,94,22,15,14,1,10,0,1,2,0,18,"Sam Bachman",29754,696147
"Sam Long","KCR",2,3,5.355372576169426,39,0,0,0,0,0,1,0,40.1,189,48,31,24,7,22,1,2,5,0,33,"Sam Long",25379,669674
"Sam Moll","CIN",1,0,6.381821280236606,23,0,0,0,0,0,2,0,18.1,81,16,16,13,4,10,0,0,4,0,22,"Sam Moll",14874,594580
"Sammy Peralta","LAA",0,1,7.593750452622798,5,0,0,0,0,0,0,1,10.2,52,14,12,9,0,6,3,0,0,0,8,"Sammy Peralta",25589,671111
"Sauryn Lao","- - -",1,0,4.9090921859114,8,0,0,0,0,0,0,0,11,49,14,7,6,2,2,0,1,0,0,9,"Sauryn Lao",21922,666659
"Sawyer Gipson-Long","DET",0,0,6.381818624449201,5,0,0,0,0,0,1,0,18.1,76,20,14,13,5,1,0,2,2,0,15,"Sawyer Gipson-Long",26048,687830
"Scott Alexander","- - -",1,1,6.113209788424104,21,0,0,0,0,0,3,1,17.2,81,23,12,12,5,9,0,1,0,0,8,"Scott Alexander",10591,518397
"Scott Barlow","CIN",6,2,3.7425749641975488,74,0,0,0,0,1,16,1,67.1,296,48,31,28,7,42,3,6,2,0,74,"Scott Barlow",14993,605130
"Scott Blewett","- - -",3,0,5.353448892036672,24,0,0,0,0,0,0,0,38.2,169,39,25,23,7,16,0,1,1,0,33,"Scott Blewett",16427,656240
"Scott Effross","NYY",0,0,8.43750050291422,11,0,0,0,0,0,0,0,10.2,51,16,10,10,1,3,1,0,1,0,6,"Scott Effross",18384,664123
"Scott Kingery","LAA",0,0,36,1,0,0,0,0,0,0,0,2,18,12,8,8,2,0,0,0,0,0,1,"Scott Kingery",17975,664068
"Scott McGough","- - -",0,0,6.75,13,0,0,0,0,0,0,0,16,75,18,12,12,4,7,0,1,0,0,16,"Scott McGough",12056,543518
"Sean Burke","CHW",0,2,2.967033091410253,6,0,0,0,0,0,0,0,30.1,130,25,12,10,3,10,0,2,0,0,38,"Sean Burke",29878,680732
"Sean Guenther","DET",0,0,4.5000008583070485,8,0,0,0,0,0,2,0,10,40,7,6,5,0,5,0,0,0,0,8,"Sean Guenther",20045,674944
"Sean Hjelle","SFG",1,1,8.735295097720774,11,0,0,0,0,0,0,0,11.1,57,18,11,11,1,7,2,0,0,0,6,"Sean Hjelle",21481,663546
"Sean Manaea","NYM",1,1,3.8571429885163644,3,0,0,0,0,0,0,0,9.1,39,11,4,4,2,0,0,0,0,0,12,"Sean Manaea",15873,640455
"Sean Newcomb","- - -",2,2,2.1857145239382634,43,0,0,0,0,2,4,0,70,286,62,21,17,4,20,2,4,2,0,64,"Sean Newcomb",16943,656794
"Sean Reynolds","SDP",0,0,4.808220560006603,18,0,0,0,0,0,2,0,24.1,103,14,13,13,3,17,0,2,1,0,24,"Sean Reynolds",22253,669308
"Seranthony Domínguez","- - -",4,4,3.1595750771373026,67,0,0,0,0,2,20,3,62.2,261,44,30,22,5,36,2,2,12,0,79,"Seranthony Dominguez",19249,622554
"Seth Halvorsen","COL",1,2,4.991597438715677,42,0,0,0,0,11,4,3,39.2,173,41,26,22,7,21,1,0,3,0,36,"Seth Halvorsen",33294,678020
"Seth Johnson","PHI",1,1,4.263158108719178,10,0,0,0,0,0,0,0,12.2,54,11,8,6,3,4,0,0,1,0,17,"Seth Johnson",26020,686751
"Seth Martinez","MIA",0,0,5.4000012874606345,6,0,0,0,0,0,0,0,6.2,27,4,4,4,2,3,0,0,0,1,4,"Seth Martinez",21045,661527
"Shaun Anderson","LAA",1,0,10.323532307437533,7,0,0,0,0,0,0,1,11.1,56,20,13,13,6,3,0,0,0,0,11,"Shaun Anderson",19453,641312
"Shawn Armstrong","TEX",4,2,2.1857147621622928,69,0,0,0,0,9,12,3,70,270,39,19,17,4,19,0,6,3,0,68,"Shawn Armstrong",12857,542888
"Shawn Dubin","- - -",2,0,5.079209167739551,30,0,0,0,0,0,8,1,33.2,145,37,19,19,6,11,0,2,0,0,28,"Shawn Dubin",24977,681869
"Shelby Miller","- - -",4,3,2.7391306051459896,48,0,0,0,0,10,9,5,46,186,33,17,14,5,15,4,4,1,0,54,"Shelby Miller",10197,571946
"Shinnosuke Ogasawara","WSN",1,0,6.468751156702845,21,0,0,0,0,0,1,0,32,141,32,23,23,8,16,0,1,1,0,26,"Shinnosuke Ogasawara",35324,829272
"Simeon Woods Richardson","MIN",0,1,6.230769687855771,1,0,0,0,0,0,0,0,4.1,21,7,3,3,1,1,0,1,0,0,3,"Simeon Woods Richardson",24494,680573
"Spencer Bivens","SFG",4,3,4.000000376760259,54,0,0,0,0,3,4,0,81,343,83,42,36,6,25,1,5,3,0,61,"Spencer Bivens",30226,702352
"Spencer Turnbull","TOR",1,0,2.076923229285257,2,0,0,0,0,0,0,0,4.1,21,7,1,1,0,2,0,0,0,0,2,"Spencer Turnbull",16207,605513
"Steven Cruz","KCR",3,1,3.7445263815611414,47,0,0,0,0,0,9,0,45.2,189,36,20,19,5,18,1,1,1,0,38,"Steven Cruz",23165,674444
"Steven Matz","- - -",4,2,3.325123933764851,51,0,0,0,0,2,13,3,67.2,275,66,30,25,8,11,0,2,3,0,48,"Steven Matz",13361,571927
"Steven Okert","HOU",3,2,2.9571435017489844,67,0,0,0,0,1,10,1,70,270,44,24,23,6,19,1,2,0,0,82,"Steven Okert",13580,595345
"Steven Wilson","CHW",2,2,3.4156634355254196,59,0,0,0,0,2,9,7,55.1,241,50,21,21,7,22,2,3,2,0,51,"Steven Wilson",20353,621051
"T.J. McFarland","ATH",0,0,6.893621497375162,27,0,0,0,0,0,7,1,15.2,74,26,12,12,2,3,0,1,1,0,7,"T.J. McFarland",3237,519008
"Taijuan Walker","PHI",1,1,3.1500003004074384,13,0,0,0,0,1,2,2,20,85,14,8,7,4,10,0,0,1,0,21,"Taijuan Walker",11836,592836
"Tanner Banks","PHI",6,2,3.168367593599249,68,0,0,0,0,1,10,3,65.1,259,54,24,23,9,12,1,1,2,0,59,"Tanner Banks",16990,621383
"Tanner Rainey","- - -",0,1,11.172416732371556,13,0,0,0,0,0,2,1,9.2,47,8,12,12,0,9,0,1,0,1,11,"Tanner Rainey",17610,663432
"Tanner Scott","LAD",1,4,4.736842739284949,61,0,0,0,0,23,8,10,57,238,54,33,30,11,18,2,4,2,0,60,"Tanner Scott",17586,656945
"Tayler Saucedo","SEA",0,0,7.425000708103248,10,0,0,0,0,0,0,0,13.1,66,19,12,11,2,6,0,1,0,0,12,"Tayler Saucedo",17888,642048
"Tayler Scott","- - -",1,2,7.902440770618795,24,0,0,0,0,0,3,1,27.1,134,34,25,24,6,18,0,1,0,0,24,"Tayler Scott",13652,605463
"Taylor Clarke","KCR",1,1,3.2530123472110195,51,0,0,0,0,1,5,1,55.1,206,38,20,20,8,9,0,1,5,0,44,"Taylor Clarke",17611,664199
"Taylor Rashi","ARI",0,1,4.4081636084859115,10,0,0,0,0,2,0,1,16.1,72,16,8,8,0,8,0,0,1,0,22,"Taylor Rashi",26344,688497
"Taylor Rogers","- - -",3,2,3.3750005505587826,57,0,0,0,0,0,10,1,50.2,221,47,25,19,7,23,2,3,0,0,53,"Taylor Rogers",13449,573124
"Thomas Harrington","PIT",0,0,17.35714522186623,2,0,0,0,0,1,0,0,4.2,27,11,9,9,2,3,0,0,1,0,5,"Thomas Harrington",31989,802419
"Thomas Hatch","- - -",1,1,6.517241379310345,11,0,0,0,0,0,0,0,29,132,37,22,21,7,14,2,0,0,0,18,"Thomas Hatch",19264,641672
"Tim Herrin","CLE",5,4,4.851564090466648,54,0,0,0,0,0,15,2,42.2,194,37,23,23,5,30,2,6,2,0,45,"Tim Herrin",25139,682120
"Tim Hill","NYY",4,4,3.0895529424303976,70,0,0,0,0,0,15,0,67,269,58,27,23,8,16,3,0,1,0,37,"Tim Hill",16814,657612
"Tim Mayza","- - -",0,0,3.780000793075728,15,0,0,0,0,0,0,0,16.2,74,17,7,7,2,5,0,2,1,0,15,"Tim Mayza",15042,641835
"Tobias Myers","MIL",0,1,1.9058825667754415,16,0,0,0,0,0,1,0,28.1,110,23,7,6,1,3,0,1,0,0,20,"Tobias Myers",22191,668964
"Tom Cosgrove","CHC",0,0,2.25,2,0,0,0,0,0,0,0,4,16,3,1,1,0,1,0,0,0,0,3,"Tom Cosgrove",23443,676680
"Tomás Nido","DET",0,0,0,1,0,0,0,0,0,0,0,1.2,6,0,0,0,0,0,0,1,0,0,0,"Tomas Nido",13755,621512
"Tommy Henry","ARI",0,0,4.050000386238135,2,0,0,0,0,0,0,0,6.2,26,6,3,3,3,1,0,1,0,0,8,"Tommy Henry",26285,674072
"Tommy Kahnle","DET",1,5,4.4285722330315425,66,0,0,0,0,9,16,5,63,267,51,32,31,8,31,0,1,3,0,50,"Tommy Kahnle",11384,592454
"Tommy Nance","TOR",2,0,1.9894740836442815,30,0,0,0,0,0,5,0,31.2,126,25,11,7,0,7,0,1,1,0,32,"Tommy Nance",19178,667297
"Tony Santillan","CIN",1,5,2.4434392514382273,80,0,0,0,0,7,33,4,73.2,301,53,23,20,7,29,0,5,4,0,75,"Tony Santillan",19926,663574
"Touki Toussaint","LAA",0,0,9,1,0,0,0,0,0,0,0,2,11,4,2,2,0,1,0,0,0,0,3,"Touki Toussaint",16929,657053
"Travis Adams","MIN",1,3,7.5189882494513895,16,0,0,0,0,0,2,1,26.1,126,31,23,22,3,13,0,3,4,0,22,"Travis Adams",30180,701519
"Travis Jankowski","NYM",0,0,18,1,0,0,0,0,0,0,0,1,6,2,2,2,0,1,0,1,0,0,0,"Travis Jankowski",13768,608671
"Trent Thornton","SEA",2,0,4.677165916282584,33,0,0,0,0,0,5,1,42.1,180,41,23,22,6,14,2,4,1,0,32,"Trent Thornton",17948,663423
"Trevor McDonald","SFG",0,0,9,1,0,0,0,0,0,0,0,2,10,3,2,2,0,1,0,0,0,0,1,"Trevor McDonald",26448,686790
"Trevor Megill","MIL",6,3,2.4893619041736605,50,0,0,0,0,30,0,6,47,192,36,16,13,3,17,3,0,2,0,60,"Trevor Megill",17722,656730
"Trevor Richards","- - -",0,0,7.94117736156434,5,0,0,0,0,0,0,0,5.2,29,11,5,5,0,2,0,0,4,0,5,"Trevor Richards",19309,670950
"Tristan Beck","SFG",1,0,4.360248653826442,30,0,0,0,0,2,3,0,53.2,219,42,26,26,6,16,0,2,2,0,40,"Tristan Beck",21584,663941
"Triston McKenzie","CLE",0,0,11.117648306190077,4,0,0,0,0,0,0,0,5.2,30,7,7,7,1,7,0,0,3,0,4,"Triston McKenzie",18000,663474
"Troy Melton","DET",1,1,2.520000384521543,12,0,0,0,0,0,2,0,25,101,16,8,7,5,11,0,1,2,0,17,"Troy Melton",31807,675512
"Troy Taylor","SEA",0,0,12.150001158714405,8,0,0,0,0,0,0,0,6.2,37,14,9,9,2,3,0,1,0,0,2,"Troy Taylor",31883,700187
"Tucker Barnhart","TEX",0,0,13.5,1,0,0,0,0,0,0,0,2,11,5,3,3,0,0,0,1,0,0,0,"Tucker Barnhart",10200,571466
"Ty Adcock","NYM",0,0,3.0000009536746197,3,0,0,0,0,0,0,0,3,14,2,1,1,1,2,0,0,0,0,5,"Ty Adcock",25651,686654
"Tyler Alexander","- - -",4,12,4.92946112709881,47,0,0,0,0,1,3,2,80.1,341,89,48,44,8,21,5,1,1,2,67,"Tyler Alexander",17735,641302
"Tyler Ferguson","ATH",4,2,4.655173332314327,56,0,0,0,0,2,11,3,58,246,43,32,30,4,34,2,4,1,0,54,"Tyler Ferguson",19481,621053
"Tyler Gilbert","CHW",4,2,4.263158750666317,41,0,0,0,0,1,5,0,44.1,191,36,23,21,4,22,3,2,2,0,41,"Tyler Gilbert",17964,656457
"Tyler Heineman","TOR",0,0,32.40000308990508,3,0,0,0,0,0,0,0,3.1,27,15,12,12,1,0,0,2,0,0,0,"Tyler Heineman",13897,623168
"Tyler Holton","DET",6,3,3.1990527110624467,64,0,0,0,0,0,17,4,70.1,279,56,27,25,11,17,1,0,3,0,53,"Tyler Holton",26231,663947
"Tyler Kinley","- - -",6,3,3.9633032030835427,73,0,0,0,0,3,13,3,72.2,308,53,35,32,6,33,4,3,6,1,73,"Tyler Kinley",18297,641755
"Tyler Matzek","NYY",0,0,4.263158750666317,7,0,0,0,0,0,0,0,6.1,35,11,3,3,0,5,0,0,0,0,7,"Tyler Matzek",10058,554431
"Tyler Owens","DET",0,0,3,3,0,0,0,0,0,0,0,3,15,3,1,1,0,3,0,0,0,0,1,"Tyler Owens",26030,687074
"Tyler Phillips","MIA",2,1,2.7600002807617474,53,0,0,0,0,4,8,0,75,303,64,25,23,8,23,0,2,6,0,49,"Tyler Phillips",20629,663969
"Tyler Rogers","- - -",4,6,1.9784484059858918,81,0,0,0,0,0,32,2,77.1,299,66,20,17,4,7,0,1,0,0,48,"Tyler Rogers",15541,643511
"Tyler Wade","SDP",0,0,9,1,0,0,0,0,0,0,0,1,6,2,1,1,0,1,0,0,0,0,0,"Tyler Wade",15730,642180
"Tyler Zuber","- - -",0,1,11.250001788139627,10,0,0,0,0,0,1,0,12,59,17,15,15,3,6,1,0,0,0,14,"Tyler Zuber",20379,676604
"Valente Bellozo","MIA",1,1,5.112426150901527,26,0,0,0,0,0,1,0,56.1,242,63,33,32,12,12,0,2,0,0,36,"Valente Bellozo",23899,678368
"Victor Mederos","LAA",0,0,4.5,2,0,0,0,0,0,0,0,4,18,2,2,2,0,4,0,1,1,0,4,"Victor Mederos",31533,682989
"Victor Vodnik","COL",4,3,3.019737221032346,52,0,0,0,0,10,7,5,50.2,215,45,19,17,4,26,2,0,4,0,49,"Victor Vodnik",24614,680767
"Vidal Bruján","ATL",0,0,13.500006437304705,2,0,0,0,0,0,0,0,2,11,4,3,3,1,1,0,0,0,0,0,"Vidal Brujan",20536,660644
"Vinny Capra","CHW",0,0,6,3,0,0,0,0,0,0,0,3,15,5,4,2,1,0,0,0,0,0,1,"Vinny Capra",25040,681962
"Wade Miley","CIN",0,0,18,1,0,0,0,0,0,0,0,2,13,6,4,4,1,0,0,0,0,0,0,"Wade Miley",8779,489119
"Walker Buehler","- - -",1,0,3.000000476837234,2,0,0,0,0,0,0,0,6,25,4,2,2,1,3,0,0,0,0,5,"Walker Buehler",19374,621111
"Wander Suero","ATL",0,0,11.368421623251143,5,0,0,0,0,0,0,0,6.1,32,10,8,8,3,4,0,0,0,1,7,"Wander Suero",15855,593833
"Wandy Peralta","SDP",6,1,3.1990530580791625,70,0,0,0,0,0,4,1,70.1,309,66,29,25,5,30,3,2,1,1,61,"Wandy Peralta",14295,593974
"Weston Wilson","PHI",0,0,0,2,0,0,0,0,0,0,0,3,12,3,0,0,0,0,0,0,0,0,0,"Weston Wilson",19358,642215
"Wikelman González","CHW",1,0,2.6557381201162684,16,0,0,0,0,0,1,0,20.1,87,13,9,6,1,12,0,0,0,0,25,"Wikelman Gonzalez",26641,682790
"Will Klein","LAD",1,1,2.347826573709109,14,0,0,0,0,0,1,0,15.1,70,14,6,4,0,10,0,2,0,0,21,"Will Klein",27787,694361
"Will Vest","DET",6,5,3.0145635533843627,64,0,0,0,0,23,3,7,68.2,284,61,26,23,4,22,1,1,4,0,75,"Will Vest",19769,676684
"Will Wilson","CLE",0,0,9,1,0,0,0,0,0,0,0,2,8,2,2,2,1,0,0,0,0,0,0,"Will Wilson",25434,669717
"Willi Castro","MIN",0,0,0,1,0,0,0,0,0,0,0,1,4,1,0,0,0,0,0,0,0,0,0,"Willi Castro",17338,650489
"Willie MacIver","ATH",0,0,0,2,0,0,0,0,0,0,0,2,10,4,0,0,0,0,0,0,0,0,0,"Willie MacIver",24641,680862
"Xzavion Curry","MIA",0,1,6.000001907349239,3,0,0,0,0,0,0,0,3,16,4,4,2,0,3,0,0,0,0,1,"Xzavion Curry",25595,675540
"Yaramil Hiraldo","BAL",0,0,4.576272222030949,18,0,0,0,0,0,2,1,19.2,84,17,13,10,4,9,0,0,2,0,21,"Yaramil Hiraldo",25215,682274
"Yariel Rodríguez","TOR",3,2,2.8750006092920537,65,0,0,0,0,2,14,1,72,292,48,24,23,7,32,3,6,1,1,65,"Yariel Rodriguez",33838,684320
"Yennier Cano","BAL",3,7,5.12069066554576,65,0,0,0,0,2,17,5,58,251,62,36,33,7,24,1,3,2,1,53,"Yennier Cano",25911,666974
"Yerry De los Santos","NYY",0,1,3.2803744165250146,25,0,0,0,0,0,3,0,35.2,160,37,15,13,1,17,0,1,2,0,28,"Yerry De los Santos",21420,660787
"Yilber Díaz","ARI",0,0,9,1,0,0,0,0,0,0,0,3,15,4,3,3,0,3,0,0,1,0,1,"Yilber Diaz",29271,700270
"Yimi García","TOR",1,2,3.857143557801666,22,0,0,0,0,3,6,4,21,90,13,10,9,2,12,1,1,2,0,25,"Yimi Garcia",12095,554340
"Yoendrys Gómez","- - -",1,1,6.622642105268272,12,0,0,0,0,1,0,0,17.2,86,20,14,13,3,13,0,1,0,0,13,"Yoendrys Gomez",22872,672782
"Yohan Ramírez","PIT",3,3,5.400000823974735,24,0,0,0,0,0,1,0,33.1,155,33,25,20,4,16,1,4,4,0,45,"Yohan Ramirez",19444,670990
"Yosver Zulueta","CIN",1,0,6.1363647003806205,7,0,0,0,0,0,0,0,7.1,32,5,5,5,1,4,0,0,1,0,5,"Yosver Zulueta",27765,691172
"Yuki Matsui","SDP",3,1,3.978948167288563,61,0,0,0,0,1,3,0,63.1,272,53,29,28,10,33,2,1,5,0,61,"Yuki Matsui",33826,673513
"Zach Agnos","COL",1,3,6.606384051121497,30,0,0,0,0,4,3,0,31.1,138,31,25,23,5,17,0,0,2,0,19,"Zach Agnos",31552,688642
"Zach Brzykcy","WSN",0,1,9.000001492707874,26,0,0,0,0,0,0,1,23,110,28,23,23,6,12,0,2,2,0,24,"Zach Brzykcy",27783,694350
"Zach Maxwell","CIN",0,0,4.500000429153483,8,0,0,0,0,0,0,0,10,43,10,5,5,3,4,0,0,0,0,13,"Zach Maxwell",31610,687209
"Zach McKinstry","DET",0,0,0,1,0,0,0,0,0,0,0,0.1,1,0,0,0,0,0,0,0,0,0,0,"Zach McKinstry",19392,656716
"Zach Pop","- - -",0,1,14.850001416206496,5,0,0,0,0,0,0,0,6.2,39,15,12,11,4,2,0,1,0,0,3,"Zach Pop",20185,647315
"Zach Thompson","ATL",0,0,0,2,0,0,0,0,0,0,0,3.2,12,0,0,0,0,1,0,0,1,0,3,"Zach Thompson",16094,605507
"Zack Kelly","BOS",1,3,4.584906320378476,28,0,0,0,0,0,3,2,35.1,152,35,21,18,3,12,1,3,1,0,35,"Zack Kelly",20349,677161
"Zak Kent","CLE",1,0,4.584906320378476,12,0,0,0,0,0,0,0,17.2,76,17,10,9,1,8,0,1,3,1,16,"Zak Kent",25703,687849